,0,1,2,3,4,5,6,7,8,9,10,11,12,13,14
0,0.0,0.0,0.0,0.0,0.0,0.0,0.0,0.0,0.9899641424186603,0.0,0.0,0.0,0.0,0.0,0.0
1,0.0,0.0,0.0,0.0,0.0,0.0,0.0,0.7066235957963026,0.0,0.0,0.0,0.0,0.0,0.16956678993953905,0.0
2,0.0,0.0,0.9585421122850217,0.0,0.0,0.0,0.0,0.0,0.0386348636731684,0.0,0.0,0.0,0.0,0.0,0.0
3,0.0,0.0,0.0,0.0,0.0,0.0,0.0,0.9282050990091357,0.0,0.0,0.0,0.0,0.0,0.0,0.0
4,0.0,0.0,0.0,0.0,0.0,0.0,0.0,0.8962962245276993,0.0,0.0,0.0,0.0,0.0,0.0,0.0
5,0.0,0.0,0.0,0.0,0.0,0.0,0.38936206433412357,0.0,0.0,0.6040221509446271,0.0,0.0,0.0,0.0,0.0
6,0.0,0.0,0.0,0.0,0.0,0.0,0.0,0.0,0.0,0.0,0.0,0.0,0.0,0.8833331651442963,0.0
7,0.0,0.0,0.9725489876488617,0.0,0.0,0.0,0.0,0.0,0.0,0.0,0.0,0.0,0.0,0.0,0.0
8,0.0,0.0,0.0,0.0,0.0,0.0,0.9890195965196157,0.0,0.0,0.0,0.0,0.0,0.0,0.0,0.0
9,0.0,0.3475916503424932,0.0,0.0,0.0,0.0,0.0,0.0,0.0,0.0,0.0,0.0,0.0,0.6441543628041677,0.0
10,0.0,0.0,0.0,0.0,0.0,0.0,0.9698924156827031,0.0,0.0,0.0,0.0,0.0,0.0,0.0,0.0
11,0.0,0.0,0.0,0.0,0.0,0.9972709475020046,0.0,0.0,0.0,0.0,0.0,0.0,0.0,0.0,0.0
12,0.0,0.0,0.0,0.0,0.0,0.0,0.0,0.0,0.0,0.0,0.0,0.0,0.9533333025724129,0.0,0.0
13,0.0,0.0,0.0,0.0,0.0,0.0,0.0,0.0,0.9151514373829894,0.0,0.0,0.0,0.0,0.0,0.0
14,0.0,0.0,0.0,0.0,0.0,0.0,0.0,0.8666665941894045,0.0,0.0,0.0,0.0,0.0,0.0,0.0
15,0.0,0.0,0.8323203962278357,0.0,0.0,0.0,0.0,0.13558079142750612,0.0,0.0,0.0,0.0,0.0,0.0,0.0
16,0.0,0.0,0.9945419038868609,0.0,0.0,0.0,0.0,0.0,0.0,0.0,0.0,0.0,0.0,0.0,0.0
17,0.0,0.0,0.0,0.0,0.0,0.0,0.0,0.0,0.9698924339357734,0.0,0.0,0.0,0.0,0.0,0.0
18,0.0,0.0,0.0,0.0,0.0,0.0,0.0,0.0,0.0,0.0,0.0,0.9953565453027089,0.0,0.0,0.0
19,0.0,0.0,0.0,0.0,0.0,0.0,0.0,0.0,0.0,0.0,0.0,0.0,0.0,0.0,0.9725489954222404
20,0.0,0.0,0.0,0.0,0.0,0.0,0.0,0.0,0.0,0.0,0.0,0.0,0.0,0.0,0.9747747314666019
21,0.0,0.0,0.0,0.0,0.0,0.0,0.0,0.0,0.9151514727850738,0.0,0.0,0.0,0.0,0.0,0.0
22,0.013333335878924421,0.01333333334490859,0.013333339269400321,0.013333333333359699,0.2527433739338888,0.013333333877825775,0.013333333333345423,0.5739232377944172,0.013333344765898857,0.013333333791892917,0.013333334082467285,0.013333362466907814,0.013333333412027448,0.013333336578906696,0.013333334135828859
23,0.0,0.0,0.04304368699592461,0.0,0.0,0.0,0.0,0.0,0.0,0.0,0.0,0.0,0.9493353382397016,0.0,0.0
24,0.9782945392490994,0.0,0.0,0.0,0.0,0.0,0.0,0.0,0.0,0.0,0.0,0.0,0.0,0.0,0.0
25,0.06666666666666668,0.06666666666666668,0.06666666666666668,0.06666666666666668,0.06666666666666668,0.06666666666666668,0.06666666666666668,0.06666666666666668,0.06666666666666668,0.06666666666666668,0.06666666666666668,0.06666666666666668,0.06666666666666668,0.06666666666666668,0.06666666666666668
26,0.0,0.0,0.0,0.0,0.0,0.0,0.6896044904797711,0.0,0.0,0.0,0.0,0.29372882005510653,0.0,0.0,0.0
27,0.0,0.9594202327611668,0.0,0.0,0.0,0.0,0.0,0.0,0.0,0.0,0.0,0.0,0.0,0.0,0.0
28,0.0,0.0,0.0,0.0,0.0,0.9453074982602945,0.0,0.0,0.0,0.0,0.0,0.0519926001867194,0.0,0.0,0.0
29,0.0,0.0,0.0,0.0,0.0,0.0,0.9282050444545954,0.0,0.0,0.0,0.0,0.0,0.0,0.0,0.0
30,0.0,0.0,0.0,0.0,0.0,0.0,0.0,0.9481480972793859,0.0,0.0,0.0,0.0,0.0,0.0,0.0
31,0.0,0.0,0.0,0.0,0.0,0.0,0.0,0.0,0.0,0.9678160477357479,0.0,0.0,0.0,0.0,0.0
32,0.013333347527046254,0.013333337604033954,0.013333345447282135,0.01333333714905248,0.01333334899184431,0.013333349286691679,0.013333342719311008,0.013333363274247183,0.8133331519197717,0.013333340287898334,0.013333339183838286,0.013333369747003271,0.013333344016099475,0.013333342159915265,0.013333340685964725
33,0.2904901990914239,0.0,0.1730882043317433,0.0,0.0,0.0,0.0,0.0,0.0,0.0,0.5114215471414929,0.0,0.0,0.0,0.0
34,0.013333335140177822,0.013333333343731416,0.013333342266426471,0.013333333333339237,0.013333340207368717,0.013333333950500653,0.013333333345211574,0.8133332911919242,0.01333334166554831,0.013333337089784573,0.013333333875484885,0.013333341191650572,0.013333333592928038,0.013333335895267943,0.013333333910655207
35,0.0,0.0,0.0,0.0,0.0,0.0,0.6122353166413341,0.0,0.0,0.0,0.38387827794918566,0.0,0.0,0.0,0.0
36,0.0,0.0,0.0,0.0,0.0,0.0,0.0,0.0,0.0,0.9754385693949238,0.0,0.0,0.0,0.0,0.0
37,0.0,0.0,0.0,0.0,0.0,0.0,0.0,0.0,0.0,0.0,0.0,0.0,0.0,0.0,0.928205006781889
38,0.0,0.0,0.0,0.0,0.0,0.909854310195503,0.0,0.07681234175142586,0.0,0.0,0.0,0.0,0.0,0.0,0.0
39,0.0,0.0,0.0,0.0,0.0,0.0,0.98494621499817,0.0,0.0,0.0,0.0,0.0,0.0,0.0,0.0
40,0.016666669795892878,0.016666666681440834,0.016666674119553554,0.016666666666669036,0.016666678316439563,0.0166666673378541,0.016666666666667756,0.7666666221789813,0.016666680841504338,0.016666667230351522,0.016666667587540374,0.01666666735612082,0.0166666667673032,0.01666667079168642,0.016666667661994476
41,0.0,0.0,0.0,0.0,0.0,0.9688888589790852,0.0,0.0,0.0,0.0,0.0,0.0,0.0,0.0,0.0
42,0.0,0.0,0.0,0.0,0.0,0.0,0.0,0.0,0.0,0.9481480876177459,0.0,0.0,0.0,0.0,0.0
43,0.0,0.0,0.0,0.0,0.0,0.0,0.0,0.0,0.979710122329671,0.0,0.0,0.0,0.0,0.0,0.0
44,0.0,0.0,0.0,0.0,0.0,0.0,0.0,0.0,0.0,0.0,0.0,0.0,0.0,0.9927083254048036,0.0
45,0.013333347574091913,0.013333338711747722,0.33861783454630734,0.013333335670195703,0.013333356569442536,0.013333338296902952,0.013333345940596158,0.48804868227386733,0.013333353814177728,0.013333339350772539,0.013333339198961564,0.013333356797938536,0.013333340211377978,0.013333349487676584,0.013333341555943522
46,0.0,0.0,0.0,0.0,0.0,0.0,0.0,0.0,0.0,0.0,0.0,0.0,0.0,0.968888870052826,0.0
47,0.0,0.2902541981098934,0.0,0.0,0.0,0.705368690105175,0.0,0.0,0.0,0.0,0.0,0.0,0.0,0.0,0.0
48,0.0,0.0,0.0,0.0,0.0,0.0,0.0,0.0,0.0,0.0,0.0,0.0,0.0,0.0,0.9678160554319111
49,0.013333335140127755,0.013333333341869369,0.013333337636531647,0.013333333333340002,0.013333340053003375,0.01333333372087465,0.013333333333336393,0.8133333076513626,0.013333341519720867,0.013333333658803206,0.013333333865042882,0.013333333731421043,0.013333333391444876,0.013333335715089729,0.013333333908031476
50,0.0,0.0,0.0,0.0,0.0,0.0,0.0,0.0,0.0,0.0,0.0,0.0,0.0,0.9805555266744735,0.0
51,0.0,0.0,0.0,0.0,0.0,0.9862744824977232,0.0,0.0,0.0,0.0,0.0,0.0,0.0,0.0,0.0
52,0.0,0.0,0.37640392628007213,0.0,0.0,0.0,0.6096175576927254,0.0,0.0,0.0,0.0,0.0,0.0,0.0,0.0
53,0.0,0.0,0.0,0.0,0.0,0.0,0.9481481045380057,0.0,0.0,0.0,0.0,0.0,0.0,0.0,0.0
54,0.013333335772841471,0.013333333345623656,0.013333339652961382,0.013333334219313323,0.01333334279013459,0.01333334042565888,0.013333333334483072,0.5629433206389619,0.2637233138553077,0.013333333756260118,0.013333334054649716,0.013333333929182836,0.013333333421135758,0.013333336705576921,0.013333334097908475
55,0.0,0.0,0.0,0.0,0.0,0.0,0.0,0.0,0.0,0.0,0.9333332151412994,0.0,0.0,0.0,0.0
56,0.0,0.0,0.0,0.0,0.0,0.0,0.0,0.0,0.0,0.0,0.0,0.0,0.0,0.0,0.9555554942487736
57,0.0,0.0,0.24656792398597815,0.0,0.0,0.0,0.0,0.0,0.7173209206153414,0.0,0.0,0.0,0.0,0.0,0.0
58,0.033333336734850304,0.5333329223758304,0.03333334983084196,0.033333333336423215,0.03333334649522028,0.03333334264328955,0.033333358110872825,0.033333370105516784,0.03333338433507082,0.03333336581075869,0.033333485563495434,0.03333334897565679,0.033333333361217195,0.03333333358041981,0.033333388740536214
59,0.0,0.0,0.0,0.0,0.0,0.0,0.0,0.0,0.9666666147669412,0.0,0.0,0.0,0.0,0.0,0.0
60,0.06666666666666668,0.06666666666666668,0.06666666666666668,0.06666666666666668,0.06666666666666668,0.06666666666666668,0.06666666666666668,0.06666666666666668,0.06666666666666668,0.06666666666666668,0.06666666666666668,0.06666666666666668,0.06666666666666668,0.06666666666666668,0.06666666666666668
61,0.0,0.0,0.0,0.0,0.0,0.990175428499422,0.0,0.0,0.0,0.0,0.0,0.0,0.0,0.0,0.0
62,0.0,0.0,0.4973530120312268,0.0,0.0,0.4907748282836749,0.0,0.0,0.0,0.0,0.0,0.0,0.0,0.0,0.0
63,0.0,0.0,0.0,0.0,0.0,0.0,0.0,0.0,0.9416666202277851,0.0,0.0,0.0,0.0,0.0,0.0
64,0.0,0.0,0.0,0.0,0.0,0.0,0.0,0.0,0.9450979736226666,0.0,0.0,0.0,0.0,0.0,0.0
65,0.0,0.0,0.0,0.0,0.0,0.0,0.0,0.0,0.0,0.0,0.0,0.0,0.0,0.0,0.9827160283662002
66,0.0,0.0,0.0,0.0,0.0,0.9416665988286735,0.0,0.0,0.0,0.0,0.0,0.0,0.0,0.0,0.0
67,0.0,0.0,0.0,0.0,0.0,0.0,0.0,0.0,0.9611110910137654,0.0,0.0,0.0,0.0,0.0,0.0
68,0.01333333699459845,0.013333333343883208,0.013333335892483441,0.013333333338555468,0.013333337345277863,0.013333334290689312,0.013333333425484184,0.01333336521868234,0.8133332782130122,0.013333334092774856,0.013333334495120438,0.013333338059589219,0.013333333333355272,0.013333334101949396,0.01333333785454432
69,0.0,0.0,0.9844444294964156,0.0,0.0,0.0,0.0,0.0,0.0,0.0,0.0,0.0,0.0,0.0,0.0
70,0.0,0.0,0.0,0.0,0.0,0.0,0.9654320436169405,0.0,0.0,0.0,0.0,0.0,0.0,0.0,0.0
71,0.033333336734446585,0.5333329251261877,0.033333349828881156,0.033333333336422834,0.03333334649365649,0.03333334264218388,0.03333335810792524,0.03333337010113658,0.03333338432898624,0.033333365806891876,0.033333482843956326,0.0333333489737978,0.03333333336121387,0.03333333358039048,0.03333338873392294
72,0.0,0.0,0.0,0.0,0.0,0.0,0.0,0.0,0.0,0.0,0.0,0.0,0.9678160520235985,0.0,0.0
73,0.0,0.0,0.0,0.0,0.0,0.0,0.0,0.0,0.8283429052107136,0.0,0.0,0.0,0.0,0.0,0.13038717699316488
74,0.0,0.0,0.0,0.0,0.0,0.0,0.0,0.0,0.0,0.0,0.0,0.9913580172313117,0.0,0.0,0.0
75,0.0,0.0,0.0,0.0,0.0,0.0,0.0,0.0,0.0,0.0,0.0,0.937777685411588,0.0,0.0,0.0
76,0.0,0.0,0.0,0.0,0.0,0.0,0.0,0.0,0.0,0.0,0.0,0.0,0.9450979889146256,0.0,0.0
77,0.0,0.98721459301999,0.0,0.0,0.0,0.0,0.0,0.0,0.0,0.0,0.0,0.0,0.0,0.0,0.0
78,0.03333333673717598,0.5333329056839594,0.03333334984212563,0.03333333333642531,0.03333334650422169,0.03333334264965596,0.03333335812782352,0.03333337013068137,0.03333338436998666,0.03333336583298164,0.03333350207830987,0.033333348986355295,0.03333333336123624,0.03333333358058872,0.03333338877847256
79,0.0,0.0,0.0,0.0,0.0,0.0,0.0,0.0,0.0,0.9575757022931392,0.0,0.0,0.0,0.0,0.0
80,0.013333338216004412,0.013333367098023827,0.013333346106050997,0.013333344861573995,0.01333334350420029,0.013333341720780673,0.013333355041435391,0.013333346893556475,0.8133330953614051,0.013333351078913638,0.013333373925330816,0.01333335361160815,0.013333334221755574,0.013333349740319366,0.0133333586190414
81,0.0,0.0,0.0,0.0,0.9594202345518323,0.0,0.0,0.0,0.0,0.0,0.0,0.0,0.0,0.0,0.0
82,0.0,0.0,0.0,0.0,0.0,0.0,0.2430307836884553,0.0,0.0,0.0,0.699191342164357,0.0,0.0,0.0,0.0
83,0.0,0.0,0.0,0.0,0.0,0.0,0.0,0.0,0.0,0.0,0.9864734113520175,0.0,0.0,0.0,0.0
84,0.0,0.0,0.0,0.0,0.0,0.0,0.0,0.0,0.0,0.0,0.0,0.950877120193541,0.0,0.0,0.0
85,0.01333335350731267,0.013333341972593853,0.01333337393855324,0.013333351207406868,0.01333336589563318,0.813332979592703,0.013333369116836935,0.013333349055240775,0.013333362352990819,0.013333357044004035,0.013333358833749536,0.013333364365902595,0.013333357945837525,0.013333361447419543,0.013333353723815541
86,0.013333343495275624,0.013333362042144858,0.01333335958934417,0.013333340118276651,0.013333349931600656,0.013333343801567274,0.4839296714236057,0.013333347178333533,0.013333350714384134,0.013333349461487735,0.3427368056912046,0.013333349577674633,0.01333333583356191,0.013333342703913228,0.013333348437625245
87,0.0,0.0,0.9777777546573315,0.0,0.0,0.0,0.0,0.0,0.0,0.0,0.0,0.0,0.0,0.0,0.0
88,0.016666677661400103,0.016666741120084812,0.016666698965555546,0.01666667034219961,0.01666668866625509,0.016666675397047515,0.01666670906094957,0.016666688921792124,0.766666288945929,0.016666686750584393,0.016666724528262424,0.016666701584686066,0.01666667157599583,0.016666682031695194,0.016666694447562722
89,0.0,0.0,0.0,0.0,0.0,0.0,0.0,0.0,0.0,0.0,0.0,0.0,0.0,0.0,0.9508771495443226
90,0.0,0.0,0.0,0.0,0.0,0.0,0.0,0.0,0.0,0.0,0.0,0.0,0.0,0.9641025046639248,0.0
91,0.0,0.0,0.0,0.0,0.0,0.0,0.0,0.0,0.9508771357308312,0.0,0.0,0.0,0.0,0.0,0.0
92,0.0,0.0,0.9772357420168071,0.0,0.0,0.0,0.0,0.0,0.0,0.0,0.0,0.0,0.0,0.0,0.0
93,0.0,0.0,0.0,0.0,0.0,0.0,0.0,0.0,0.0,0.0,0.0,0.9151513729593949,0.0,0.0,0.0
94,0.0,0.0,0.0,0.0,0.0,0.0,0.0,0.9222220512485522,0.0,0.0,0.0,0.0,0.0,0.0,0.0
95,0.0,0.0,0.0,0.0,0.0,0.9575757055218646,0.0,0.0,0.0,0.0,0.0,0.0,0.0,0.0,0.0
96,0.0,0.0,0.0,0.0,0.0,0.0,0.0,0.0,0.0,0.0,0.9854166510964031,0.0,0.0,0.0,0.0
97,0.0,0.0,0.0,0.0,0.0,0.0,0.0,0.0,0.0,0.0,0.0,0.0,0.0,0.0,0.9450979769479835
98,0.0,0.0,0.0,0.0,0.0,0.0,0.0,0.0,0.5188321539694669,0.46860744443855695,0.0,0.0,0.0,0.0,0.0
99,0.0,0.0,0.0,0.0,0.0,0.0,0.0,0.0,0.0,0.0,0.0,0.0,0.0,0.9698924431240699,0.0
100,0.0,0.0,0.0,0.0,0.0,0.0,0.0,0.0,0.0,0.0,0.0,0.0,0.9416665736161816,0.0,0.0
101,0.0,0.0,0.0,0.0,0.0,0.0,0.0,0.0,0.0,0.0,0.0,0.9926509041571319,0.0,0.0,0.0
102,0.033333336831632886,0.03333355267022009,0.03333335030025208,0.03333333333651111,0.033333346869718554,0.03333334290818623,0.03333335881588767,0.033333371151845606,0.033333385786326886,0.03333336673487632,0.533332847907187,0.033333349420733356,0.033333333362010546,0.033333333587450054,0.03333339031716152
103,0.0,0.0,0.0,0.0,0.0,0.0,0.0,0.0,0.17635013876354563,0.0,0.0,0.0,0.0,0.0,0.7903164515387004
104,0.0,0.0,0.9858585770504807,0.0,0.0,0.0,0.0,0.0,0.0,0.0,0.0,0.0,0.0,0.0,0.0
105,0.0,0.0,0.0,0.0,0.0,0.9222221503946363,0.0,0.0,0.0,0.0,0.0,0.0,0.0,0.0,0.0
106,0.0,0.0,0.0,0.0,0.0,0.0,0.957575715616427,0.0,0.0,0.0,0.0,0.0,0.0,0.0,0.0
107,0.01666668513364225,0.016666667796181044,0.016666692272399062,0.01666668315750467,0.016666668839900284,0.016666678009281198,0.2415189831251918,0.016666689648577572,0.5418141339950362,0.016666695817233828,0.016666680850921982,0.01666668232525137,0.016666671285053718,0.016666683984561396,0.016666703759263643
108,0.0,0.0,0.6444843173706221,0.0,0.3465809614921206,0.0,0.0,0.0,0.0,0.0,0.0,0.0,0.0,0.0,0.0
109,0.0,0.0,0.0,0.0,0.19527379437956804,0.7941570799399388,0.0,0.0,0.0,0.0,0.0,0.0,0.0,0.0,0.0
110,0.0,0.0,0.9844444240103526,0.0,0.0,0.0,0.0,0.0,0.0,0.0,0.0,0.0,0.0,0.0,0.0
111,0.0,0.0,0.0,0.0,0.0,0.1762989584526526,0.8148574921870717,0.0,0.0,0.0,0.0,0.0,0.0,0.0,0.0
112,0.0,0.0,0.0,0.0,0.0,0.0,0.0,0.0,0.5601685642378439,0.0,0.0,0.0,0.0,0.38205356770811055,0.0
113,0.0,0.0,0.0,0.0,0.0,0.0,0.0,0.0,0.9533332858989455,0.0,0.0,0.0,0.0,0.0,0.0
114,0.0,0.0,0.0,0.0,0.0,0.0,0.0,0.0,0.8666665221936692,0.0,0.0,0.0,0.0,0.0,0.0
115,0.0,0.0,0.9897435711658874,0.0,0.0,0.0,0.0,0.0,0.0,0.0,0.0,0.0,0.0,0.0,0.0
116,0.0,0.0,0.0,0.0,0.9575756322005816,0.0,0.0,0.0,0.0,0.0,0.0,0.0,0.0,0.0,0.0
117,0.0,0.0,0.0,0.0,0.0,0.9897435745541147,0.0,0.0,0.0,0.0,0.0,0.0,0.0,0.0,0.0
118,0.0,0.0,0.0,0.0,0.0,0.0,0.0,0.0,0.9066665337949896,0.0,0.0,0.0,0.0,0.0,0.0
119,0.0,0.0,0.0,0.0,0.0,0.0,0.0,0.9717171122488117,0.0,0.0,0.0,0.0,0.0,0.0,0.0
120,0.0,0.0,0.0,0.0,0.0,0.0,0.9801418224320982,0.0,0.0,0.0,0.0,0.0,0.0,0.0,0.0
121,0.0,0.0,0.0,0.0,0.0,0.0,0.0,0.0,0.9450979759519685,0.0,0.0,0.0,0.0,0.0,0.0
122,0.033333336734557614,0.5333329243742588,0.033333349829420864,0.03333333333642294,0.03333334649408683,0.033333342642488065,0.033333358108737006,0.03333337010234386,0.033333384330664864,0.03333336580795735,0.03333348358739124,0.03333334897430945,0.03333333336121479,0.03333333358039855,0.033333388735747926
123,0.11215721169107958,0.0,0.0,0.0,0.0,0.0,0.0,0.0,0.0,0.8787199680490596,0.0,0.0,0.0,0.0,0.0
124,0.0,0.0,0.0,0.0,0.0,0.0,0.0,0.0,0.9887549987876156,0.0,0.0,0.0,0.0,0.0,0.0
125,0.0,0.0,0.0,0.0,0.0,0.0,0.14949583671279293,0.0,0.0,0.0,0.0,0.0,0.0,0.8111101770229275,0.0
126,0.011111137673770831,0.011111117228162189,0.011111143050053039,0.011111116173719663,0.011111148251091545,0.011111123069431477,0.01111112872750445,0.09793656239441462,0.011111195812014288,0.011111120422340756,0.7576187197243095,0.011111122221299861,0.01111111484487106,0.011111119868099577,0.01111113053891721
127,0.0,0.0,0.6713731129351045,0.0,0.0,0.0,0.0,0.0,0.2708490283890976,0.0,0.0,0.0,0.0,0.0,0.0
128,0.0,0.0,0.0,0.0,0.0,0.0,0.0,0.0,0.0,0.982389917114807,0.0,0.0,0.0,0.0,0.0
129,0.0,0.0,0.22769648343487747,0.0,0.0,0.0,0.0,0.21929620923864016,0.2069368265100938,0.22288980788666304,0.0,0.06731169976737146,0.0,0.0,0.04992836729649161
130,0.0,0.0,0.0,0.0,0.941666542091707,0.0,0.0,0.0,0.0,0.0,0.0,0.0,0.0,0.0,0.0
131,0.01333334775471306,0.013333334756901318,0.013333337485868554,0.013333340214155063,0.013333339474625635,0.013333348619029689,0.013333340478346098,0.013333363273811327,0.8133331853991949,0.013333358925678817,0.013333344278831859,0.013333348061528536,0.013333334340473084,0.013333338865505225,0.01333333807133703
132,0.0,0.0,0.0,0.0,0.0,0.5061219483413509,0.23880569006656435,0.0,0.0,0.0,0.0,0.24618345248040271,0.0,0.0,0.0
133,0.0,0.0,0.0,0.0,0.0,0.0,0.0,0.9450979506846735,0.0,0.0,0.0,0.0,0.0,0.0,0.0
134,0.022222261079159887,0.022222224184775825,0.022222247485889395,0.022222250876194585,0.02222223341418666,0.02222223979448666,0.022222273195967604,0.6888884751747455,0.02222227489653389,0.02222227409248708,0.022222248860422067,0.02222225040050623,0.022222230246955438,0.02222225373398648,0.022222262563702667
135,0.0,0.0,0.0,0.0,0.0,0.0,0.09058985220854492,0.2512687721424327,0.0,0.0,0.0,0.6499780943266205,0.0,0.0,0.0
136,0.0,0.0,0.0,0.0,0.0,0.0,0.0,0.0,0.0,0.0,0.0,0.0,0.0,0.0,0.9688888378208497
137,0.0,0.0,0.0,0.0,0.0,0.0,0.0,0.0,0.0,0.953333274796619,0.0,0.0,0.0,0.0,0.0
138,0.0,0.0,0.0,0.9766666070736634,0.0,0.0,0.0,0.0,0.0,0.0,0.0,0.0,0.0,0.0,0.0
139,0.0,0.0,0.0,0.0,0.0,0.0,0.0,0.0,0.0,0.9886178703083828,0.0,0.0,0.0,0.0,0.0
140,0.0,0.0,0.0,0.9555554810330542,0.0,0.0,0.0,0.0,0.0,0.0,0.0,0.0,0.0,0.0,0.0
141,0.0,0.0,0.0,0.0,0.0,0.0,0.0,0.9626666174541297,0.0,0.0,0.0,0.0,0.0,0.0,0.0
142,0.013333343434896876,0.013333345176045059,0.013333352708391555,0.013333352976631546,0.013333351457353638,0.013333349102198374,0.013333345310852077,0.2720933010555829,0.013333377475761224,0.5545731417716577,0.01333334728020728,0.013333350139389442,0.013333334793262383,0.013333337148361319,0.013333370169408661
143,0.0,0.0,0.0,0.0,0.0,0.0,0.0,0.0,0.0,0.0,0.0,0.9901754239903092,0.0,0.0,0.0
144,0.03333335927724333,0.03333333333333675,0.03333334621965007,0.0333333333333366,0.033333361756801065,0.03333333850092958,0.03333333333333483,0.5333331500114823,0.03333341630145099,0.0333333380066988,0.03333334096806822,0.03333333714240887,0.03333333333333625,0.03333333877808425,0.03333333970383831
145,0.0,0.0,0.0,0.0,0.0,0.0,0.0,0.27583469896935137,0.0,0.5102354461620633,0.0,0.0,0.20726317681600778,0.0,0.0
146,0.03333333673592219,0.5333329148638886,0.03333334983604313,0.03333333333642418,0.033333346499369323,0.03333334264622394,0.033333358118686776,0.033333370117118434,0.03333338435117017,0.03333336582100376,0.033333492993808854,0.03333334898058819,0.03333333336122597,0.03333333358049766,0.033333388758028985
147,0.0,0.0,0.0,0.0,0.0,0.9222221102895426,0.0,0.0,0.0,0.0,0.0,0.0,0.0,0.0,0.0
148,0.0,0.0,0.0,0.0,0.0,0.0,0.0,0.0,0.0,0.9575757046835769,0.0,0.0,0.0,0.0,0.0
149,0.0,0.0,0.0,0.0,0.0,0.0,0.9924731074838914,0.0,0.0,0.0,0.0,0.0,0.0,0.0,0.0
150,0.0,0.0,0.0,0.9740740414342173,0.0,0.0,0.0,0.0,0.0,0.0,0.0,0.0,0.0,0.0,0.0
151,0.03333335932017286,0.03333333333333674,0.03333334624098332,0.033333333333336594,0.03333336180387114,0.03333333850948383,0.03333333333333483,0.5333331268784215,0.033333439268385785,0.03333333801443486,0.03333334098070692,0.03333333714871416,0.03333333333333625,0.03333333878709732,0.033333339714383986
152,0.0,0.0,0.0,0.0,0.0,0.0,0.0,0.0,0.0,0.990476174930898,0.0,0.0,0.0,0.0,0.0
153,0.0,0.0,0.0,0.0,0.0,0.0,0.3233027622527984,0.0,0.0,0.0,0.0,0.6612210250355899,0.0,0.0,0.0
154,0.01666667911110295,0.016666707167313156,0.016666696985561513,0.016666697773330245,0.016666687207333056,0.016666685982671136,0.016666683770894957,0.016666698209947525,0.016666696379651548,0.016666683594856256,0.7666663011897601,0.01666670326792457,0.016666680081475406,0.016666699562397316,0.01666669971578035
155,0.022222269903479974,0.02222224263731062,0.022222247309269656,0.022222230635485896,0.4777017579071539,0.022222264940747666,0.022222239082383077,0.23340896685722268,0.022222304696675868,0.022222271280752163,0.022222248852914153,0.022222242944795394,0.022222241219585003,0.022222232790938923,0.022222238941285024
156,0.0,0.0,0.0,0.0,0.0,0.0,0.9688888506702645,0.0,0.0,0.0,0.0,0.0,0.0,0.0,0.0
157,0.0,0.0,0.0,0.0,0.0,0.0,0.0,0.0,0.0,0.0,0.0,0.0,0.0,0.0,0.9066663645468294
158,0.0,0.0,0.0,0.0,0.0,0.0,0.9918840458842847,0.0,0.0,0.0,0.0,0.0,0.0,0.0,0.0
159,0.0,0.0,0.0,0.0,0.9450979560694409,0.0,0.0,0.0,0.0,0.0,0.0,0.0,0.0,0.0,0.0
160,0.9893939191635074,0.0,0.0,0.0,0.0,0.0,0.0,0.0,0.0,0.0,0.0,0.0,0.0,0.0,0.0
161,0.033333368554956444,0.03333336312018823,0.033333376971392,0.03333341198523267,0.033333387722170996,0.033333458981058606,0.033333393438010686,0.03333339994208662,0.5333323615650257,0.03333341140930598,0.033333412393308295,0.03333342682985489,0.033333430838630725,0.033333393751077245,0.03333340249770102
162,0.033333336736724326,0.533332909040605,0.0333333498399346,0.0333333333364249,0.033333346502473764,0.03333334264841966,0.03333335812453237,0.03333337012579605,0.03333338436320925,0.033333365828667166,0.033333498756037236,0.03333334898427787,0.033333333361232544,0.033333333580555916,0.033333388771109335
163,0.0,0.0,0.0,0.0,0.0,0.0,0.0,0.8823340092886321,0.10863819338004099,0.0,0.0,0.0,0.0,0.0,0.0
164,0.03333335926342315,0.03333333333333673,0.03333334621279504,0.03333333333333659,0.03333336174163132,0.033333338498181674,0.033333333333334825,0.5333331564699976,0.03333340989638212,0.03333333800421375,0.03333334096400799,0.03333333714038348,0.03333333333333624,0.03333333877518893,0.033333339700450576
165,0.0,0.0,0.0,0.0,0.0,0.0,0.0,0.0,0.0,0.961111073767309,0.0,0.0,0.0,0.0,0.0
166,0.0,0.0,0.0,0.0,0.0,0.9416666039968766,0.0,0.0,0.0,0.0,0.0,0.0,0.0,0.0,0.0
167,0.0,0.0,0.9901754238256938,0.0,0.0,0.0,0.0,0.0,0.0,0.0,0.0,0.0,0.0,0.0,0.0
168,0.0,0.0,0.0,0.9416665624753568,0.0,0.0,0.0,0.0,0.0,0.0,0.0,0.0,0.0,0.0,0.0
169,0.9754385611599288,0.0,0.0,0.0,0.0,0.0,0.0,0.0,0.0,0.0,0.0,0.0,0.0,0.0,0.0
170,0.0,0.0,0.28756667936679464,0.0,0.0,0.0,0.0,0.0,0.7046254977144668,0.0,0.0,0.0,0.0,0.0,0.0
171,0.0,0.0,0.0,0.0,0.0,0.0,0.0,0.0,0.8666664426542322,0.0,0.0,0.0,0.0,0.0,0.0
172,0.0,0.0,0.0,0.0,0.0,0.0,0.0,0.0,0.0,0.0,0.9733332997160222,0.0,0.0,0.0,0.0
173,0.0,0.0,0.0,0.0,0.0,0.0,0.0,0.0,0.0,0.0,0.0,0.0,0.0,0.0,0.8666665861395931
174,0.0,0.0,0.0,0.9533332708576158,0.0,0.0,0.0,0.0,0.0,0.0,0.0,0.0,0.0,0.0,0.0
175,0.0,0.0,0.0,0.0,0.0,0.0,0.9282050115664956,0.0,0.0,0.0,0.0,0.0,0.0,0.0,0.0
176,0.43904912057432005,0.0,0.0,0.0,0.0,0.0,0.0,0.0,0.0,0.0,0.0,0.5523700079524683,0.0,0.0,0.0
177,0.0,0.0,0.0,0.0,0.0,0.0,0.0,0.0,0.0,0.0,0.0,0.0,0.9733332924982089,0.0,0.0
178,0.0,0.0,0.0,0.0,0.0,0.0,0.0,0.0,0.0,0.0,0.0,0.0,0.9481480645596145,0.0,0.0
179,0.0,0.0,0.0,0.0,0.0,0.0,0.0,0.0,0.0,0.0,0.0,0.9555554873141764,0.0,0.0,0.0
180,0.0,0.0,0.6496677932345292,0.0,0.0,0.29935171841420877,0.0,0.0,0.0,0.0,0.0,0.0,0.0,0.0,0.0
181,0.0,0.0,0.0,0.0,0.0,0.0,0.0,0.0,0.6025588462557272,0.0,0.0,0.2736313953860995,0.0,0.0,0.0
182,0.0,0.0,0.0,0.0,0.0,0.0,0.0,0.0,0.9910256316711853,0.0,0.0,0.0,0.0,0.0,0.0
183,0.0,0.0,0.0,0.0,0.0,0.0,0.9641025173910276,0.0,0.0,0.0,0.0,0.0,0.0,0.0,0.0
184,0.0,0.0,0.0,0.0,0.0,0.0,0.0,0.0,0.0,0.0,0.0,0.0,0.0,0.9377776716706591,0.0
185,0.0,0.0,0.0,0.0,0.0,0.0,0.0,0.0,0.0,0.0,0.0,0.0,0.0,0.9906666529239964,0.0
186,0.011111114996968253,0.8444442798170434,0.011111126690646022,0.011111116890093038,0.011111119883574428,0.011111125953893984,0.011111132113946633,0.011111128572644602,0.011111119186596557,0.011111124710465534,0.011111129686889015,0.011111120910227902,0.011111121152927585,0.011111122865740907,0.011111116568341965
187,0.0,0.0,0.0,0.0,0.9787878440291383,0.0,0.0,0.0,0.0,0.0,0.0,0.0,0.0,0.0,0.0
188,0.0,0.0,0.9901754250690166,0.0,0.0,0.0,0.0,0.0,0.0,0.0,0.0,0.0,0.0,0.0,0.0
189,0.0,0.0,0.0,0.0,0.0,0.0,0.0,0.0,0.0,0.0,0.0,0.0,0.0,0.0,0.9508771179913317
190,0.013333343444099153,0.013333337065644582,0.013333341904828275,0.013333339114769855,0.013333344389153845,0.013333356086438769,0.013333343192267057,0.013333354845597773,0.013333339609404943,0.013333342517741802,0.013333340979652395,0.8133331862034228,0.01333333725025496,0.013333349494650454,0.013333343902073455
191,0.0,0.0,0.0,0.0,0.0,0.0,0.0,0.0,0.9416666197416164,0.0,0.0,0.0,0.0,0.0,0.0
192,0.0,0.0,0.0,0.0,0.0,0.0,0.0,0.8962962182546055,0.0,0.0,0.0,0.0,0.0,0.0,0.0
193,0.0,0.0,0.0,0.0,0.0,0.0,0.9508771676596027,0.0,0.0,0.0,0.0,0.0,0.0,0.0,0.0
194,0.011111117681368844,0.011111132007739308,0.011111124865031291,0.011111122066471761,0.01111113176847877,0.011111118319482078,0.011111135969044091,0.011111136158579091,0.8444442167133551,0.011111126055223235,0.011111143284709824,0.01111112290026272,0.0111111115720101,0.011111116818277096,0.011111143819966664
195,0.0,0.0,0.0,0.0,0.0,0.0,0.0,0.0,0.0,0.95087714449357,0.0,0.0,0.0,0.0,0.0
196,0.987037014994841,0.0,0.0,0.0,0.0,0.0,0.0,0.0,0.0,0.0,0.0,0.0,0.0,0.0,0.0
197,0.0,0.0,0.0,0.0,0.0,0.0,0.9555555169192939,0.0,0.0,0.0,0.0,0.0,0.0,0.0,0.0
198,0.0,0.0,0.0,0.0,0.0,0.8962961528196458,0.0,0.0,0.0,0.0,0.0,0.0,0.0,0.0,0.0
199,0.0,0.0,0.0,0.0,0.9282050020045486,0.0,0.0,0.0,0.0,0.0,0.0,0.0,0.0,0.0,0.0
200,0.0,0.0,0.0,0.0,0.0,0.0,0.0,0.0,0.0,0.0,0.0,0.0,0.9555554478503144,0.0,0.0
201,0.0,0.0,0.0,0.0,0.0,0.0,0.0,0.0,0.8666665389417921,0.0,0.0,0.0,0.0,0.0,0.0
202,0.0,0.0,0.9594202395983789,0.0,0.0,0.0,0.0,0.0,0.0,0.0,0.0,0.0,0.0,0.0,0.0
203,0.0,0.0,0.0,0.0,0.0,0.0,0.0,0.0,0.9481480988846067,0.0,0.0,0.0,0.0,0.0,0.0
204,0.016666670283314314,0.0166667356338027,0.016666673061364552,0.016666668108137384,0.016666671441076225,0.01666667250667708,0.01666667653536812,0.016666680184552796,0.7666663962493692,0.01666667858848055,0.016666750996422456,0.016666690119840438,0.01666667312307538,0.016666667618084136,0.016666695550434783
205,0.0,0.0,0.0,0.0,0.0,0.0,0.0,0.0,0.0,0.0,0.0,0.0,0.5844348728860895,0.3433428143443192,0.0
206,0.0,0.0,0.0,0.0,0.0,0.0,0.9594202281283836,0.0,0.0,0.0,0.0,0.0,0.0,0.0,0.0
207,0.0,0.0,0.0,0.0,0.0,0.0,0.0,0.0,0.9222221354268839,0.0,0.0,0.0,0.0,0.0,0.0
208,0.0,0.0,0.0,0.0,0.0,0.0,0.0,0.0,0.0,0.9740740441370556,0.0,0.0,0.0,0.0,0.0
209,0.0,0.0,0.0,0.0,0.0,0.0,0.0,0.0,0.9222221647637449,0.0,0.0,0.0,0.0,0.0,0.0
210,0.0,0.0,0.0,0.0,0.0,0.0,0.0,0.0,0.945097985079867,0.0,0.0,0.0,0.0,0.0,0.0
211,0.0,0.0,0.9282050635204266,0.0,0.0,0.0,0.0,0.0,0.0,0.0,0.0,0.0,0.0,0.0,0.0
212,0.0,0.0,0.0,0.0,0.0,0.0,0.8962960745935763,0.0,0.0,0.0,0.0,0.0,0.0,0.0,0.0
213,0.0,0.0,0.0,0.0,0.0,0.0,0.9594202358863084,0.0,0.0,0.0,0.0,0.0,0.0,0.0,0.0
214,0.0,0.0,0.0,0.0,0.0,0.0,0.0,0.0,0.0,0.8962961657903787,0.0,0.0,0.0,0.0,0.0
215,0.0,0.0,0.0,0.0,0.0,0.9641025046939485,0.0,0.0,0.0,0.0,0.0,0.0,0.0,0.0,0.0
216,0.0,0.0,0.0,0.0,0.0,0.0,0.0,0.0,0.9481480815915629,0.0,0.0,0.0,0.0,0.0,0.0
217,0.0,0.0,0.0,0.0,0.0,0.0,0.0,0.0,0.0,0.0,0.0,0.915151410194667,0.0,0.0,0.0
218,0.0,0.0,0.0,0.0,0.0,0.0,0.0,0.0,0.9782945439407126,0.0,0.0,0.0,0.0,0.0,0.0
219,0.0,0.0,0.0,0.0,0.0,0.0,0.0,0.0,0.0,0.0,0.0,0.9698924207990579,0.0,0.0,0.0
220,0.3608002667454655,0.0,0.0,0.0,0.0,0.0,0.0,0.0,0.0,0.6292380253484321,0.0,0.0,0.0,0.0,0.0
221,0.011111132592161522,0.011111113988244813,0.01111113153775267,0.011111111466930617,0.011111130364050297,0.011111112654389908,0.011111124050005073,0.011111170762785822,0.8444442674146753,0.011111128321622836,0.0111111168206974,0.01111111351403521,0.011111111311596809,0.01111112258101162,0.011111112620040237
222,0.0,0.0,0.0,0.0,0.0,0.0,0.0,0.0,0.0,0.0,0.0,0.9377776542408031,0.0,0.0,0.0
223,0.0,0.0,0.0,0.0,0.0,0.0,0.0,0.0,0.0,0.0,0.0,0.0,0.0,0.9611110300056946,0.0
224,0.0,0.0,0.0,0.0,0.0,0.0,0.0,0.0,0.8833331960188363,0.0,0.0,0.0,0.0,0.0,0.0
225,0.0,0.0,0.0,0.0,0.0,0.0,0.0,0.0,0.9555555053951066,0.0,0.0,0.0,0.0,0.0,0.0
226,0.0,0.0,0.0,0.9555554761209667,0.0,0.0,0.0,0.0,0.0,0.0,0.0,0.0,0.0,0.0,0.0
227,0.011111116353926509,0.8444443019305912,0.011111130477616206,0.011111111367066091,0.011111116814082061,0.01111114645205358,0.011111119160358337,0.011111121016781628,0.011111121137114653,0.01111112480432751,0.011111122456671629,0.011111119763913166,0.011111111489387112,0.011111117631607116,0.01111111914450347
228,0.0,0.0,0.0,0.0,0.0,0.0,0.0,0.9733333085681853,0.0,0.0,0.0,0.0,0.0,0.0,0.0
229,0.0,0.0,0.9654320564663182,0.0,0.0,0.0,0.0,0.0,0.0,0.0,0.0,0.0,0.0,0.0,0.0
230,0.0,0.0,0.0,0.0,0.0,0.0,0.0,0.0,0.0,0.0,0.0,0.48763536836053156,0.0,0.07156660399258231,0.43390146559241294
231,0.0,0.0,0.0,0.0,0.0,0.0,0.0,0.0,0.0,0.0,0.0,0.0,0.0,0.0,0.9533332555400686
232,0.0,0.0,0.0,0.0,0.0,0.0,0.0,0.9866666455112512,0.0,0.0,0.0,0.0,0.0,0.0,0.0
233,0.0,0.0,0.5053622720481128,0.0,0.0,0.0,0.0,0.0,0.4569565227004375,0.0,0.0,0.0,0.0,0.0,0.0
234,0.011111117425662289,0.011111111113755156,0.011111113427541385,0.01111111243715933,0.01111111601399669,0.011111113264393234,0.011111114362083856,0.8444443806622363,0.011111115188748556,0.0111111268454243,0.011111111864806343,0.0111111158074617,0.011111117783658302,0.011111118849398931,0.011111114953673664
235,0.0,0.0,0.0,0.0,0.0,0.0,0.0,0.0,0.0,0.0,0.0,0.9450979662605522,0.0,0.0,0.0
236,0.0,0.0,0.9575757004815084,0.0,0.0,0.0,0.0,0.0,0.0,0.0,0.0,0.0,0.0,0.0,0.0
237,0.011111120135490602,0.01111111713632714,0.011111127656349118,0.011111122191691164,0.011111118940504282,0.011111120655305786,0.011111114855119883,0.8444443291751859,0.011111140518654085,0.011111116935704088,0.01111111308839708,0.011111117059101302,0.011111111465453087,0.011111116910322563,0.011111113276394002
238,0.0,0.0,0.0,0.0,0.0,0.0,0.0,0.0,0.0,0.9626666050942064,0.0,0.0,0.0,0.0,0.0
239,0.0,0.0,0.0,0.0,0.0,0.0,0.0,0.9918840490002714,0.0,0.0,0.0,0.0,0.0,0.0,0.0
240,0.01111111290471943,0.011111118353489574,0.011111116238944436,0.01111111435406648,0.011111118716169072,0.011111115071471118,0.011111122797217666,0.011111127373210438,0.0111111604523414,0.011111122193271414,0.8444442955873067,0.011111119880986207,0.011111111265758032,0.011111119370141522,0.011111125440906335
241,0.0,0.0,0.0,0.0,0.0,0.0,0.9611110633275528,0.0,0.0,0.0,0.0,0.0,0.0,0.0,0.0
242,0.0,0.0,0.0,0.0,0.0,0.0,0.0,0.8666664999860464,0.0,0.0,0.0,0.0,0.0,0.0,0.0
243,0.0,0.0,0.0,0.0,0.0,0.0,0.9777777483321066,0.0,0.0,0.0,0.0,0.0,0.0,0.0,0.0
244,0.0,0.0,0.0,0.0,0.13361170612811782,0.0,0.0,0.031675742900212425,0.0,0.0,0.0,0.8284133246847564,0.0,0.0,0.0
245,0.0,0.0,0.0,0.0,0.0,0.0,0.0,0.0,0.0,0.0,0.0,0.0,0.9611110443914667,0.0,0.0
246,0.0,0.0,0.0,0.0,0.0,0.0,0.0,0.0,0.0,0.9801418143416887,0.0,0.0,0.0,0.0,0.0
247,0.0,0.0,0.0,0.0,0.0,0.0,0.0,0.0,0.0,0.0,0.0,0.9888888742101253,0.0,0.0,0.0
248,0.8133331608944706,0.013333333333358028,0.013333339545524356,0.013333333403847855,0.013333350452699752,0.013333336358631622,0.013333334095080302,0.01333339666479778,0.013333382554547904,0.01333334324018363,0.01333334684792673,0.013333336055371015,0.013333333333377287,0.013333335570771748,0.013333337649411355
249,0.0,0.0,0.0,0.0,0.0,0.9594202287130384,0.0,0.0,0.0,0.0,0.0,0.0,0.0,0.0,0.0
250,0.0,0.0,0.0,0.0,0.0,0.9151513341558403,0.0,0.0,0.0,0.0,0.0,0.0,0.0,0.0,0.0
251,0.0,0.0,0.0,0.0,0.0,0.35976266621326153,0.0,0.0,0.0,0.0,0.0,0.6280307440599737,0.0,0.0,0.0
252,0.0,0.0,0.0,0.0,0.0,0.9066666060788338,0.0,0.0,0.0,0.0,0.0,0.0,0.0,0.0,0.0
253,0.0,0.0,0.0,0.0,0.0,0.0,0.0,0.0,0.0,0.0,0.0,0.0,0.9575757149554863,0.0,0.0
254,0.0,0.0,0.0,0.0,0.0,0.3080546169224464,0.0,0.0,0.0,0.0,0.0,0.6817492870442633,0.0,0.0,0.0
255,0.0,0.0,0.0,0.0,0.0,0.0,0.0,0.0,0.0,0.0,0.0,0.0,0.9450980091802783,0.0,0.0
256,0.0,0.0,0.0,0.0,0.0,0.0,0.0,0.9754385674871476,0.0,0.0,0.0,0.0,0.0,0.0,0.0
257,0.0,0.0,0.0,0.0,0.0,0.0,0.0,0.0,0.9450979503443626,0.0,0.0,0.0,0.0,0.0,0.0
258,0.0,0.0,0.9666666108699259,0.0,0.0,0.0,0.0,0.0,0.0,0.0,0.0,0.0,0.0,0.0,0.0
259,0.011111114625130009,0.01111111127526452,0.011111118298999667,0.011111116635991023,0.011111121278698536,0.011111118489950054,0.011111116193286197,0.8444443265390623,0.011111128518136051,0.011111116743148552,0.011111140417658323,0.011111121519084772,0.011111111237662777,0.011111121954323759,0.011111116273603344
260,0.0,0.0,0.0,0.0,0.0,0.0,0.0,0.0,0.0,0.9508771481254149,0.0,0.0,0.0,0.0,0.0
261,0.0,0.0,0.0,0.0,0.0,0.0,0.0,0.0,0.0,0.0,0.0,0.9914372972633753,0.0,0.0,0.0
262,0.0,0.0,0.0,0.0,0.13992988866938025,0.0,0.0,0.0,0.0,0.0,0.0,0.0,0.0,0.0,0.8517367597047035
263,0.9508771241148054,0.0,0.0,0.0,0.0,0.0,0.0,0.0,0.0,0.0,0.0,0.0,0.0,0.0,0.0
264,0.0,0.0,0.0,0.0,0.0,0.0,0.0,0.0,0.0,0.0,0.9892720144296416,0.0,0.0,0.0,0.0
265,0.0,0.0,0.0,0.0,0.0,0.0,0.0,0.0,0.0,0.0,0.0,0.0,0.9740740359775343,0.0,0.0
266,0.0,0.0,0.0,0.0,0.0,0.0,0.9698924294165782,0.0,0.0,0.0,0.0,0.0,0.0,0.0,0.0
267,0.02222223594277585,0.022222222222257424,0.02222225605958945,0.022222222222255922,0.022222237254081432,0.022222224955153903,0.022222222222237676,0.02222231810909905,0.6888887126174597,0.022222224693775484,0.02222222625992197,0.022222224526087405,0.022222222222252303,0.02222222510172964,0.02222222559132279
268,0.0,0.0,0.0,0.0,0.0,0.0,0.9450979805228833,0.0,0.0,0.0,0.0,0.0,0.0,0.0,0.0
269,0.0,0.0,0.9915915762127597,0.0,0.0,0.0,0.0,0.0,0.0,0.0,0.0,0.0,0.0,0.0,0.0
270,0.0,0.0,0.0,0.0,0.0,0.906666588001217,0.0,0.0,0.0,0.0,0.0,0.0,0.0,0.0,0.0
271,0.0,0.0,0.0,0.0,0.0,0.0,0.0,0.0,0.0,0.0,0.0,0.0,0.0,0.0,0.9333332431395173
272,0.0,0.0,0.0,0.9888888673490435,0.0,0.0,0.0,0.0,0.0,0.0,0.0,0.0,0.0,0.0,0.0
273,0.0,0.0,0.0,0.0,0.0,0.0,0.0,0.0,0.0,0.0,0.0,0.9754385480881285,0.0,0.0,0.0
274,0.0,0.0,0.0,0.0,0.0,0.0,0.0,0.0,0.0,0.0,0.0,0.0,0.0,0.9891472698572495,0.0
275,0.011111118469522225,0.011111112710289767,0.011111126344740084,0.011111134229575364,0.011111129524628994,0.011111119776009676,0.011111127308406042,0.011111131071639498,0.8444442082225817,0.011111130745014876,0.011111125614629099,0.011111143893975809,0.011111119340688563,0.01111113309193627,0.011111139656362044
276,0.0,0.0,0.0,0.0,0.0,0.0,0.0,0.0,0.9066663857319363,0.0,0.0,0.0,0.0,0.0,0.0
277,0.0,0.0,0.0,0.0,0.0,0.0,0.0,0.0,0.9641025136712306,0.0,0.0,0.0,0.0,0.0,0.0
278,0.0,0.0,0.0,0.0,0.0,0.0,0.0,0.0,0.0,0.9450979770497857,0.0,0.0,0.0,0.0,0.0
279,0.0,0.0,0.0,0.0,0.0,0.0,0.0,0.9282050373857944,0.0,0.0,0.0,0.0,0.0,0.0,0.0
280,0.06666666666666668,0.06666666666666668,0.06666666666666668,0.06666666666666668,0.06666666666666668,0.06666666666666668,0.06666666666666668,0.06666666666666668,0.06666666666666668,0.06666666666666668,0.06666666666666668,0.06666666666666668,0.06666666666666668,0.06666666666666668,0.06666666666666668
281,0.0,0.0,0.9830302869903904,0.0,0.0,0.0,0.0,0.0,0.0,0.0,0.0,0.0,0.0,0.0,0.0
282,0.0,0.0,0.0,0.0,0.0,0.0,0.0,0.8833331037283605,0.0,0.0,0.0,0.0,0.0,0.0,0.0
283,0.0,0.0,0.0,0.0,0.0,0.0,0.0,0.0,0.9733332809230107,0.0,0.0,0.0,0.0,0.0,0.0
284,0.016666680930841674,0.016666667448078338,0.01666667754919929,0.016666670179412993,0.016666680955128122,0.016666675006506537,0.016666696023712117,0.766666427974566,0.01666670824850435,0.016666688862256154,0.01666671141668052,0.016666683056692822,0.016666666668138885,0.016666674949978803,0.01666669073030351
285,0.0,0.0,0.2822526991525702,0.0,0.0,0.0,0.08775451221640129,0.6143064868799619,0.0,0.0,0.0,0.0,0.0,0.0,0.0
286,0.0,0.0,0.0,0.0,0.0,0.0,0.0,0.0,0.0,0.0,0.0,0.9915915764088727,0.0,0.0,0.0
287,0.0,0.0,0.0,0.0,0.0,0.0,0.0,0.0,0.0,0.0,0.0,0.9377777027646311,0.0,0.0,0.0
288,0.01111111342688849,0.011111144551806446,0.011111120764760965,0.011111111371552872,0.011111115717032159,0.011111113102251408,0.011111125124293941,0.011111129711161434,0.011111130435447798,0.8444442706149299,0.011111149411657561,0.011111115901037983,0.011111114771701769,0.011111114370852411,0.01111113072462488
289,0.0,0.0,0.0,0.0,0.0,0.0,0.4356167602304711,0.0,0.0,0.0,0.5231133371724274,0.0,0.0,0.0,0.0
290,0.9666665740038148,0.0,0.0,0.0,0.0,0.0,0.0,0.0,0.0,0.0,0.0,0.0,0.0,0.0,0.0
291,0.0,0.0,0.0,0.0,0.0,0.0,0.0,0.0,0.0,0.0,0.0,0.0,0.0,0.0,0.9809523509497401
292,0.0,0.0,0.0,0.0,0.0,0.0,0.0,0.0,0.0,0.0,0.9066666028673822,0.0,0.0,0.0,0.0
293,0.0,0.0,0.0,0.0,0.0,0.0,0.9555555087720677,0.0,0.0,0.0,0.0,0.0,0.0,0.0,0.0
294,0.0,0.0,0.0,0.0,0.08559724014721033,0.0,0.0,0.0,0.9059885083623236,0.0,0.0,0.0,0.0,0.0,0.0
295,0.06666666666666668,0.06666666666666668,0.06666666666666668,0.06666666666666668,0.06666666666666668,0.06666666666666668,0.06666666666666668,0.06666666666666668,0.06666666666666668,0.06666666666666668,0.06666666666666668,0.06666666666666668,0.06666666666666668,0.06666666666666668,0.06666666666666668
296,0.06666666666666668,0.06666666666666668,0.06666666666666668,0.06666666666666668,0.06666666666666668,0.06666666666666668,0.06666666666666668,0.06666666666666668,0.06666666666666668,0.06666666666666668,0.06666666666666668,0.06666666666666668,0.06666666666666668,0.06666666666666668,0.06666666666666668
297,0.0,0.0,0.0,0.0,0.0,0.0,0.0,0.0,0.9555554837696905,0.0,0.0,0.0,0.0,0.0,0.0
298,0.8962960371259211,0.0,0.0,0.0,0.0,0.0,0.0,0.0,0.0,0.0,0.0,0.0,0.0,0.0,0.0
299,0.0,0.0,0.0,0.0,0.0,0.0,0.0,0.0,0.0,0.0,0.0,0.9508771256118221,0.0,0.0,0.0
300,0.0,0.0,0.968888836200074,0.0,0.0,0.0,0.0,0.0,0.0,0.0,0.0,0.0,0.0,0.0,0.0
301,0.0,0.0,0.0,0.0,0.0,0.0,0.0,0.0,0.0,0.0,0.0,0.8666663229700386,0.0,0.0,0.0
302,0.01333333815835808,0.01333333335162445,0.4986342718989231,0.013333333333359901,0.013333345775903211,0.013333334353626219,0.013333333333345515,0.3280323479276222,0.01333335169475371,0.013333334202497575,0.013333334753259252,0.013333334326142327,0.013333333457779012,0.013333338634085997,0.013333334798719272
303,0.0,0.0,0.0,0.0,0.0,0.0,0.9641025231470739,0.0,0.0,0.0,0.0,0.0,0.0,0.0,0.0
304,0.0,0.0,0.0,0.0,0.9910256287628106,0.0,0.0,0.0,0.0,0.0,0.0,0.0,0.0,0.0,0.0
305,0.0,0.0,0.0,0.0,0.0,0.0,0.0,0.0,0.0,0.0,0.0,0.0,0.0,0.9641025067083842,0.0
306,0.17207388860352357,0.0,0.0,0.0,0.0,0.0,0.08543239892448462,0.0,0.319396034761476,0.0,0.0,0.0,0.0,0.41727755901716446,0.0
307,0.0,0.0,0.0,0.0,0.0,0.0,0.0,0.0,0.9333332387921636,0.0,0.0,0.0,0.0,0.0,0.0
308,0.0,0.0,0.0,0.0,0.0,0.9626666271092092,0.0,0.0,0.0,0.0,0.0,0.0,0.0,0.0,0.0
309,0.0,0.0,0.0,0.0,0.9708333145236167,0.0,0.0,0.0,0.0,0.0,0.0,0.0,0.0,0.0,0.0
310,0.0,0.0,0.0,0.0,0.0,0.0,0.0,0.0,0.0,0.9910256271345641,0.0,0.0,0.0,0.0,0.0
311,0.0,0.0,0.0,0.993563202613679,0.0,0.0,0.0,0.0,0.0,0.0,0.0,0.0,0.0,0.0,0.0
312,0.8444442126718759,0.011111111285849826,0.011111129040540721,0.01111112141897046,0.011111121808466514,0.011111127517139528,0.011111122858252682,0.011111167755182037,0.01111116841494807,0.011111115530807536,0.011111116725850018,0.0111111167545121,0.011111123470213523,0.01111112580068667,0.011111118946704607
313,0.0,0.0,0.0,0.0,0.0,0.0,0.0,0.0,0.9740740362775967,0.0,0.0,0.0,0.0,0.0,0.0
314,0.0,0.0,0.0,0.0,0.0,0.0,0.0,0.0,0.9416665599740885,0.0,0.0,0.0,0.0,0.0,0.0
315,0.01666667978621801,0.01666674560830323,0.5570120747261511,0.01666667364606579,0.01666671226437848,0.0166666905018344,0.01666669244049952,0.01666669615752479,0.016666704883751597,0.016666712685106777,0.22632083211395412,0.016666701476764592,0.016666670748744908,0.016666711968697654,0.016666700992005026
316,0.0,0.0,0.7638046648269416,0.0,0.0,0.0,0.2201459170767263,0.0,0.0,0.0,0.0,0.0,0.0,0.0,0.0
317,0.0,0.0,0.0,0.0,0.0,0.5644090182967102,0.0,0.0,0.0,0.0,0.40850760579811635,0.0,0.0,0.0,0.0
318,0.0,0.0,0.0,0.0,0.0,0.0,0.0,0.0,0.1822235701815619,0.0,0.0,0.8052160229978366,0.0,0.0,0.0
319,0.0,0.0,0.0,0.0,0.0,0.0,0.0,0.0,0.0,0.9813333190642295,0.0,0.0,0.0,0.0,0.0
320,0.011111112273931183,0.011111118245598003,0.011111111881813024,0.01111111122572147,0.011111113007660642,0.011111111547788648,0.011111117847961935,0.011111122088884325,0.011111115891046791,0.01111111360633981,0.8444443771503604,0.011111125297775248,0.011111113386194702,0.011111121159938904,0.01111111538898501
321,0.0,0.0,0.0,0.0,0.0,0.0,0.9666666365230526,0.0,0.0,0.0,0.0,0.0,0.0,0.0,0.0
322,0.0,0.0,0.0,0.0,0.0,0.9933806040678195,0.0,0.0,0.0,0.0,0.0,0.0,0.0,0.0,0.0
323,0.0,0.0,0.9725489908830108,0.0,0.0,0.0,0.0,0.0,0.0,0.0,0.0,0.0,0.0,0.0,0.0
324,0.011111118493206196,0.011111112234409396,0.011111125889064618,0.01111111123555981,0.844444288227225,0.011111116096372437,0.011111112946752854,0.011111170915816626,0.011111136229152859,0.01111111296833797,0.011111123538423506,0.011111114068637098,0.011111112950807587,0.011111126398263272,0.011111117807971086
325,0.0,0.0,0.0,0.0,0.0,0.0,0.0,0.0,0.0,0.0,0.0,0.0,0.0,0.0,0.9611110658244156
326,0.0,0.0,0.0,0.0,0.0,0.0,0.5327730381824581,0.0,0.0,0.0,0.0,0.4584727378153642,0.0,0.0,0.0
327,0.6867612272422693,0.0,0.0,0.0,0.0,0.0,0.0,0.0,0.30316123945028317,0.0,0.0,0.0,0.0,0.0,0.0
328,0.0,0.0,0.0,0.0,0.0,0.0,0.0,0.0,0.0,0.0,0.0,0.9508771120585499,0.0,0.0,0.0
329,0.0,0.0,0.9575757037108964,0.0,0.0,0.0,0.0,0.0,0.0,0.0,0.0,0.0,0.0,0.0,0.0
330,0.0,0.0,0.3531082652224742,0.0,0.0,0.0,0.0,0.08813872717249495,0.0,0.0,0.0,0.0,0.0,0.5481262640923383,0.0
331,0.0,0.0,0.06567170134309969,0.8665177034569999,0.0,0.0,0.0,0.0,0.0,0.0,0.0,0.06244145684571291,0.0,0.0,0.0
332,0.0,0.0,0.8380219342282362,0.0,0.0,0.0,0.0,0.0,0.15493198351512097,0.0,0.0,0.0,0.0,0.0,0.0
333,0.0,0.0,0.988888869630785,0.0,0.0,0.0,0.0,0.0,0.0,0.0,0.0,0.0,0.0,0.0,0.0
334,0.28679128012538946,0.0,0.6650604775320822,0.0,0.0,0.0,0.0,0.0,0.0,0.0,0.0,0.0,0.0,0.0,0.0
335,0.0,0.0,0.45975648311739586,0.0,0.0,0.0,0.0,0.0,0.0,0.0,0.05410306943979824,0.4790607871526198,0.0,0.0,0.0
336,0.0,0.0,0.0,0.0,0.0,0.0,0.0,0.0,0.0,0.9920903858652439,0.0,0.0,0.0,0.0,0.0
337,0.0,0.0,0.9929824448327007,0.0,0.0,0.0,0.0,0.0,0.0,0.0,0.0,0.0,0.0,0.0,0.0
338,0.0,0.0,0.9555555065290251,0.0,0.0,0.0,0.0,0.0,0.0,0.0,0.0,0.0,0.0,0.0,0.0
339,0.0,0.0,0.6138022607091406,0.0,0.0,0.3689578612682115,0.0,0.0,0.0,0.010460206343957895,0.0,0.0,0.0,0.0,0.0
340,0.0,0.0,0.0,0.6222019574041364,0.0,0.0,0.0,0.0,0.0,0.0,0.0,0.0,0.0,0.0,0.36904381693160676
341,0.0,0.0,0.21685507018994787,0.0,0.638030594453157,0.0,0.0,0.0,0.0,0.0,0.0,0.0,0.13352010611362514,0.0,0.0
342,0.0,0.0,0.0,0.0,0.0,0.0,0.0,0.0,0.0,0.0,0.0,0.9611110480404507,0.0,0.0,0.0
343,0.0,0.0,0.0,0.0,0.0,0.0,0.0,0.0,0.0,0.0,0.0,0.0,0.0,0.9931873332773264,0.0
344,0.2407582931059433,0.0,0.7082612326683423,0.0,0.0,0.0,0.0,0.0,0.0,0.0,0.0,0.0,0.0,0.0,0.0
345,0.0,0.0,0.4193250493937796,0.0,0.0,0.0,0.0,0.0,0.0,0.0,0.0,0.5325267151372113,0.0,0.0,0.0
346,0.0,0.0,0.4452817209381216,0.0,0.0,0.0,0.520051554766405,0.0,0.0,0.0,0.0,0.0,0.0,0.0,0.0
347,0.0,0.0,0.9555554849469623,0.0,0.0,0.0,0.0,0.0,0.0,0.0,0.0,0.0,0.0,0.0,0.0
348,0.0,0.0,0.0,0.0,0.9915151425135671,0.0,0.0,0.0,0.0,0.0,0.0,0.0,0.0,0.0,0.0
349,0.0,0.0,0.0,0.0,0.0,0.0,0.0,0.0,0.0,0.0,0.0,0.9868544448837262,0.0,0.0,0.0
350,0.0,0.0,0.31471053050908215,0.0,0.0,0.0,0.0,0.0,0.0,0.6784653068785831,0.0,0.0,0.0,0.0,0.0
351,0.0,0.0,0.9626666294978218,0.0,0.0,0.0,0.0,0.0,0.0,0.0,0.0,0.0,0.0,0.0,0.0
352,0.0,0.0,0.9920903854820504,0.0,0.0,0.0,0.0,0.0,0.0,0.0,0.0,0.0,0.0,0.0,0.0
353,0.0,0.0,0.0,0.0,0.0,0.0,0.0,0.0,0.0,0.0,0.0,0.9952622617677954,0.0,0.0,0.0
354,0.0,0.0,0.0,0.0,0.0,0.0,0.0,0.0,0.0,0.0,0.0,0.0,0.0,0.9944773106240037,0.0
355,0.0,0.0,0.9626666365986408,0.0,0.0,0.0,0.0,0.0,0.0,0.0,0.0,0.0,0.0,0.0,0.0
356,0.0,0.0,0.0,0.0,0.0,0.0,0.0,0.0,0.9777777432130295,0.0,0.0,0.0,0.0,0.0,0.0
357,0.0,0.0,0.0,0.0,0.0,0.0,0.0,0.0,0.0,0.0,0.0,0.2921064685892563,0.0,0.0,0.6997938293561922
358,0.0,0.0,0.2708156449059867,0.0,0.0,0.0,0.0,0.720930376701076,0.0,0.0,0.0,0.0,0.0,0.0,0.0
359,0.0,0.0,0.9953565397064168,0.0,0.0,0.0,0.0,0.0,0.0,0.0,0.0,0.0,0.0,0.0,0.0
360,0.0,0.0,0.990277765318866,0.0,0.0,0.0,0.0,0.0,0.0,0.0,0.0,0.0,0.0,0.0,0.0
361,0.0,0.0,0.9066665336486037,0.0,0.0,0.0,0.0,0.0,0.0,0.0,0.0,0.0,0.0,0.0,0.0
362,0.0,0.4104983568646003,0.5518204366202718,0.0,0.0,0.0,0.0,0.0,0.0,0.0,0.0,0.0,0.0,0.0,0.0
363,0.0,0.0,0.0,0.0,0.0,0.0,0.0,0.0,0.0,0.0,0.0,0.0,0.0,0.9860696340028876,0.0
364,0.0,0.0,0.0,0.0,0.9575757054969735,0.0,0.0,0.0,0.0,0.0,0.0,0.0,0.0,0.0,0.0
365,0.0,0.0,0.0,0.0,0.0,0.0,0.0,0.0,0.0,0.2506064751120334,0.0,0.0,0.0,0.7440104939066859,0.0
366,0.0,0.0,0.20538521077848315,0.0,0.0,0.0,0.7436343275562135,0.0,0.0,0.0,0.0,0.0,0.0,0.0,0.0
367,0.0,0.0,0.0,0.0,0.0,0.0,0.0,0.0,0.9862744952660303,0.0,0.0,0.0,0.0,0.0,0.0
368,0.0,0.0,0.0,0.0,0.0,0.0,0.0,0.0,0.0,0.0,0.0,0.0,0.0,0.9900709055576116,0.0
369,0.0,0.0,0.0,0.0,0.0,0.0,0.0,0.2935599855029653,0.0,0.0,0.0,0.0,0.0,0.0,0.695469532081309
370,0.0,0.0,0.0,0.0,0.0,0.0,0.0,0.0,0.0,0.0,0.0,0.0,0.9937360063685649,0.0,0.0
371,0.0,0.0,0.0,0.0,0.0,0.0,0.0,0.9813333048074729,0.0,0.0,0.0,0.0,0.0,0.0,0.0
372,0.0,0.0,0.1045973913625494,0.0,0.0,0.0,0.0,0.0,0.0,0.0,0.0,0.8796450050332018,0.0,0.0,0.0
373,0.0,0.0,0.0,0.0,0.0,0.0,0.0,0.0,0.29639678707203965,0.0,0.0,0.6985051652653422,0.0,0.0,0.0
374,0.9836257108852707,0.0,0.0,0.0,0.0,0.0,0.0,0.0,0.0,0.0,0.0,0.0,0.0,0.0,0.0
375,0.0,0.0,0.9282050171029239,0.0,0.0,0.0,0.0,0.0,0.0,0.0,0.0,0.0,0.0,0.0,0.0
376,0.0,0.0,0.0,0.0,0.0,0.0,0.0,0.0,0.9626666188096439,0.0,0.0,0.0,0.0,0.0,0.0
377,0.0,0.0,0.9533332600394739,0.0,0.0,0.0,0.0,0.0,0.0,0.0,0.0,0.0,0.0,0.0,0.0
378,0.897495111555192,0.0,0.0,0.0,0.0,0.0,0.0,0.0,0.0,0.0,0.0,0.0,0.0,0.08702867482755663,0.0
379,0.0,0.0,0.0,0.0,0.0,0.0,0.0,0.0,0.0,0.0,0.0,0.0,0.0,0.9377776362411331,0.0
380,0.0,0.0,0.0,0.0,0.0,0.0,0.0,0.0,0.0,0.0,0.0,0.0,0.0,0.0,0.9881856393096217
381,0.9416665789571527,0.0,0.0,0.0,0.0,0.0,0.0,0.0,0.0,0.0,0.0,0.0,0.0,0.0,0.0
382,0.0,0.0,0.957575692872138,0.0,0.0,0.0,0.0,0.0,0.0,0.0,0.0,0.0,0.0,0.0,0.0
383,0.0,0.0,0.0,0.0,0.0,0.0,0.0,0.0,0.0,0.0,0.0,0.0,0.0,0.0,0.980555514470466
384,0.0,0.0,0.0,0.0,0.2855317832764987,0.0,0.0,0.0,0.4811448452916995,0.0,0.0,0.07975139172787045,0.0,0.15051641866806836,0.0
385,0.7637912463435528,0.0,0.0,0.0,0.0,0.0,0.0,0.0,0.22400215827758038,0.0,0.0,0.0,0.0,0.0,0.0
386,0.0,0.0,0.0,0.0,0.0,0.0,0.0,0.0,0.0,0.0,0.0,0.0,0.0,0.9930864096963965,0.0
387,0.0,0.0,0.1819689751039295,0.0,0.0,0.0,0.0,0.0,0.0,0.0,0.7983340244844691,0.0,0.0,0.0,0.0
388,0.0,0.0,0.0,0.0,0.0,0.0,0.0,0.0,0.0,0.9950088997507874,0.0,0.0,0.0,0.0,0.0
389,0.0,0.0,0.0,0.0,0.0,0.0,0.0,0.0,0.0,0.0,0.0,0.9849462242298587,0.0,0.0,0.0
390,0.976068357608774,0.0,0.0,0.0,0.0,0.0,0.0,0.0,0.0,0.0,0.0,0.0,0.0,0.0,0.0
391,0.0,0.0,0.9898550591269601,0.0,0.0,0.0,0.0,0.0,0.0,0.0,0.0,0.0,0.0,0.0,0.0
392,0.0,0.0,0.9772357476792868,0.0,0.0,0.0,0.0,0.0,0.0,0.0,0.0,0.0,0.0,0.0,0.0
393,0.0,0.0,0.12779697052992642,0.0,0.0,0.0,0.0,0.8545159220909072,0.0,0.0,0.0,0.0,0.0,0.0,0.0
394,0.0,0.0,0.0,0.0,0.9892720184614723,0.0,0.0,0.0,0.0,0.0,0.0,0.0,0.0,0.0,0.0
395,0.0,0.0,0.0,0.0,0.0,0.0,0.0,0.0,0.9740740392817254,0.0,0.0,0.0,0.0,0.0,0.0
396,0.0,0.0,0.9282050560231727,0.0,0.0,0.0,0.0,0.0,0.0,0.0,0.0,0.0,0.0,0.0,0.0
397,0.0,0.0,0.0,0.0,0.0,0.0,0.0,0.0,0.0,0.0,0.0,0.31250708778447694,0.0,0.0,0.6825964828300436
398,0.0,0.0,0.0,0.0,0.9926509040552236,0.0,0.0,0.0,0.0,0.0,0.0,0.0,0.0,0.0,0.0
399,0.0,0.0,0.083060807911618,0.0,0.0,0.0,0.1305078200701454,0.0,0.0,0.3894768939580481,0.0,0.39506929863084733,0.0,0.0,0.0
400,0.0,0.0,0.0,0.0,0.0,0.0,0.0,0.0,0.920084272936925,0.0,0.0,0.0,0.0,0.0,0.07281188794911932
401,0.0,0.0,0.0,0.0,0.0,0.0,0.0,0.0,0.0,0.0,0.0,0.0,0.0,0.0,0.9955342841795989
402,0.022222261682741214,0.022222237190501194,0.022222301601081,0.022222228697900002,0.02222226971250962,0.022222266839952168,0.022222263547603333,0.022222252071574477,0.6888884164189903,0.022222238896168724,0.022222238427549185,0.022222283482616314,0.02222224477047902,0.02222225223094725,0.022222244429386168
403,0.0,0.0,0.0,0.0,0.0,0.0,0.0,0.0,0.0,0.9907590641016263,0.0,0.0,0.0,0.0,0.0
404,0.033333392518991395,0.03333338116319463,0.03333336601992031,0.03333335304437233,0.5333326951026642,0.03333342296019799,0.03333337283439612,0.03333333662778536,0.03333337361896301,0.03333346714976583,0.033333380268532,0.03333337417184877,0.03333337784161719,0.033333347071313205,0.033333359606437615
405,0.0,0.0,0.4210134916120958,0.0,0.0,0.0,0.0,0.0,0.0,0.5685447220432058,0.0,0.0,0.0,0.0,0.0
406,0.0,0.0,0.9151514092492176,0.0,0.0,0.0,0.0,0.0,0.0,0.0,0.0,0.0,0.0,0.0,0.0
407,0.0,0.0,0.0,0.0,0.0,0.0,0.0,0.0,0.9897435795297063,0.0,0.0,0.0,0.0,0.0,0.0
408,0.0,0.0,0.0,0.0,0.0,0.0,0.0,0.0,0.9555554940843248,0.0,0.0,0.0,0.0,0.0,0.0
409,0.0,0.0,0.0,0.0,0.0,0.9766666361455434,0.0,0.0,0.0,0.0,0.0,0.0,0.0,0.0,0.0
410,0.011111122852247456,0.011111115176224763,0.01111112069363425,0.011111121359950942,0.011111128129522224,0.8444441988945562,0.011111133744700293,0.011111129787508531,0.01111112736676117,0.01111119034784136,0.011111123645378175,0.011111122811617096,0.011111124331848972,0.011111127663532202,0.011111113194676414
411,0.011111121515224184,0.011111127965521609,0.011111125467289729,0.011111119652884149,0.011111155478902995,0.011111123186834222,0.011111140928273006,0.01111112641253931,0.8444441890732766,0.011111121758049538,0.011111122928746213,0.011111129611461993,0.011111129741623448,0.011111139001765734,0.01111112727760727
412,0.0,0.0,0.0,0.0,0.0,0.06416809888616892,0.0,0.0,0.664909757646195,0.0,0.0,0.0,0.0,0.26231997567952464,0.0
413,0.011111120399246862,0.011111113168504232,0.011111133721698259,0.011111111906403584,0.011111123536220261,0.011111133890186782,0.46837033183509774,0.01111114070070948,0.011111127812324565,0.011111129371440931,0.011111139132703248,0.38718503041583646,0.01111111708449171,0.011111116984601273,0.011111130040534675
414,0.0,0.0,0.0,0.0,0.0,0.0,0.0,0.0,0.0,0.0,0.9878787712261017,0.0,0.0,0.0,0.0
415,0.06666666666666668,0.06666666666666668,0.06666666666666668,0.06666666666666668,0.06666666666666668,0.06666666666666668,0.06666666666666668,0.06666666666666668,0.06666666666666668,0.06666666666666668,0.06666666666666668,0.06666666666666668,0.06666666666666668,0.06666666666666668,0.06666666666666668
416,0.016666693124932675,0.01666666912332156,0.016666715994645045,0.016666682919636806,0.01666671941892882,0.016666682502388494,0.01666670613730516,0.016666688157824693,0.01666671857403991,0.016666716465617883,0.01666672356379015,0.0166666821956405,0.7666662005752293,0.0166666854165999,0.016666715830099158
417,0.0,0.8962961689030142,0.0,0.0,0.0,0.0,0.0,0.0,0.0,0.0,0.0,0.0,0.0,0.0,0.0
418,0.6433619262767444,0.0,0.3465605422044247,0.0,0.0,0.0,0.0,0.0,0.0,0.0,0.0,0.0,0.0,0.0,0.0
419,0.0,0.0,0.0,0.0,0.0,0.0,0.9873873725332938,0.0,0.0,0.0,0.0,0.0,0.0,0.0,0.0
420,0.0,0.0,0.0,0.0,0.0,0.8202974545228711,0.16126279738859284,0.0,0.0,0.0,0.0,0.0,0.0,0.0,0.0
421,0.06666666666666668,0.06666666666666668,0.06666666666666668,0.06666666666666668,0.06666666666666668,0.06666666666666668,0.06666666666666668,0.06666666666666668,0.06666666666666668,0.06666666666666668,0.06666666666666668,0.06666666666666668,0.06666666666666668,0.06666666666666668,0.06666666666666668
422,0.0,0.0,0.0,0.0,0.0,0.38614548488325584,0.5950139072105289,0.0,0.0,0.0,0.0,0.0,0.0,0.0,0.0
423,0.0,0.0,0.9866666479817017,0.0,0.0,0.0,0.0,0.0,0.0,0.0,0.0,0.0,0.0,0.0,0.0
424,0.0,0.0,0.0,0.0,0.0,0.0,0.0,0.0,0.0,0.8833331494585661,0.0,0.0,0.0,0.0,0.0
425,0.06666666666666668,0.06666666666666668,0.06666666666666668,0.06666666666666668,0.06666666666666668,0.06666666666666668,0.06666666666666668,0.06666666666666668,0.06666666666666668,0.06666666666666668,0.06666666666666668,0.06666666666666668,0.06666666666666668,0.06666666666666668,0.06666666666666668
426,0.7049969252147279,0.28456128863098423,0.0,0.0,0.0,0.0,0.0,0.0,0.0,0.0,0.0,0.0,0.0,0.0,0.0
427,0.0,0.0,0.0,0.0,0.7060375386884219,0.0,0.0,0.0,0.0,0.0,0.0,0.0,0.0,0.0,0.28969315892462555
428,0.0,0.0,0.0,0.0,0.0,0.8757729461597694,0.11325657094118861,0.0,0.0,0.0,0.0,0.0,0.0,0.0,0.0
429,0.011111118700997688,0.011111117314214164,0.011111122982571251,0.011111123508369769,0.011111125694068203,0.011111120831359332,0.011111135850332294,0.011111132646682205,0.011111131471555622,0.011111121890376935,0.8444442653714828,0.011111121406388218,0.011111119254313092,0.011111118558475292,0.011111124518813487
430,0.2783920923584615,0.0,0.7155472943810287,0.0,0.0,0.0,0.0,0.0,0.0,0.0,0.0,0.0,0.0,0.0,0.0
431,0.0,0.9915915742059384,0.0,0.0,0.0,0.0,0.0,0.0,0.0,0.0,0.0,0.0,0.0,0.0,0.0
432,0.01333335783815117,0.013333347872270349,0.8133330459931153,0.013333360330630095,0.01333334533983592,0.013333351445132327,0.013333349491031756,0.01333335722929588,0.013333365077658773,0.01333335199605079,0.013333353660770824,0.013333355861173481,0.013333355805263075,0.013333360661179468,0.013333341398441022
433,0.0,0.0,0.0,0.0,0.0,0.0,0.0,0.0,0.0,0.0,0.0,0.0,0.0,0.9377777170087515,0.0
434,0.0,0.0,0.0,0.9222221178432279,0.0,0.0,0.0,0.0,0.0,0.0,0.0,0.0,0.0,0.0,0.0
435,0.02222224281537156,0.022222331045999015,0.02222223143161141,0.022222236564195072,0.022222236462925312,0.022222238766606645,0.0222222850474227,0.022222252978447432,0.022222235400062903,0.02222223609477373,0.02222223571175012,0.688888487335926,0.02222225318875098,0.02222224984559601,0.02222224731056105
436,0.06666666666666668,0.06666666666666668,0.06666666666666668,0.06666666666666668,0.06666666666666668,0.06666666666666668,0.06666666666666668,0.06666666666666668,0.06666666666666668,0.06666666666666668,0.06666666666666668,0.06666666666666668,0.06666666666666668,0.06666666666666668,0.06666666666666668
437,0.0,0.0,0.0,0.0,0.0,0.9959420224207525,0.0,0.0,0.0,0.0,0.0,0.0,0.0,0.0,0.0
438,0.0,0.02838887606009818,0.7461104920312627,0.0,0.0,0.0,0.0,0.0,0.0,0.21630520958379243,0.0,0.0,0.0,0.0,0.0
439,0.0,0.0,0.0,0.0,0.0,0.052574949494994125,0.9404914991589197,0.0,0.0,0.0,0.0,0.0,0.0,0.0,0.0
440,0.0,0.0,0.0,0.0,0.9931873370769017,0.0,0.0,0.0,0.0,0.0,0.0,0.0,0.0,0.0,0.0
441,0.0,0.0,0.0,0.0,0.0,0.0,0.0,0.0,0.9961111056768382,0.0,0.0,0.0,0.0,0.0,0.0
442,0.06666666666666668,0.06666666666666668,0.06666666666666668,0.06666666666666668,0.06666666666666668,0.06666666666666668,0.06666666666666668,0.06666666666666668,0.06666666666666668,0.06666666666666668,0.06666666666666668,0.06666666666666668,0.06666666666666668,0.06666666666666668,0.06666666666666668
443,0.0,0.0,0.0,0.0,0.0,0.0,0.0,0.0,0.0,0.0,0.0,0.0,0.0,0.9912772482326061,0.0
444,0.06666666666666668,0.06666666666666668,0.06666666666666668,0.06666666666666668,0.06666666666666668,0.06666666666666668,0.06666666666666668,0.06666666666666668,0.06666666666666668,0.06666666666666668,0.06666666666666668,0.06666666666666668,0.06666666666666668,0.06666666666666668,0.06666666666666668
445,0.0,0.0,0.0,0.0,0.0,0.0,0.0,0.0,0.0,0.0,0.9892720165766758,0.0,0.0,0.0,0.0
446,0.0,0.9886178775911679,0.0,0.0,0.0,0.0,0.0,0.0,0.0,0.0,0.0,0.0,0.0,0.0,0.0
447,0.845778502681465,0.0,0.0,0.0,0.0,0.0,0.0,0.0,0.0,0.0,0.0,0.06465588892849565,0.0,0.0,0.0863783517693348
448,0.03333337336511559,0.033333419985110545,0.033333418798956425,0.5333326105451237,0.03333338248702825,0.03333336187650341,0.03333341113799383,0.03333348132858581,0.033333399556554635,0.03333333839095463,0.033333368145197446,0.03333335471851483,0.03333333333349821,0.033333404778091706,0.033333341552771026
