,post_id,user_id,is_repost
0,698,119871102,0
1,698,190355493,0
2,698,145759099,0
3,698,242956477,0
4,698,98213622,0
5,698,306106939,0
6,698,50536401,0
7,698,196430167,0
8,698,3320358,0
9,698,212583749,0
10,698,304252,0
11,698,347421513,0
12,698,190355493,1
13,698,145759099,1
14,698,-115515466,1
15,698,196430167,1
16,698,-73803984,1
17,698,212583749,1
18,698,347421513,1
19,728,291088749,0
20,725,4607547,0
21,725,71260433,0
22,725,93845149,0
23,725,71155266,0
24,725,324588209,0
25,725,212583749,0
26,725,241744144,0
27,725,173458547,0
28,725,51946482,0
29,725,730935,0
30,725,214184223,0
31,725,-96954264,1
32,725,173458547,1
33,725,-97002047,1
34,725,-23485684,1
35,724,173458547,0
36,724,972727,0
37,724,29629803,0
38,724,336340028,0
39,724,1211885,0
40,724,73350909,0
41,724,173458547,1
42,724,972727,1
43,724,336340028,1
44,722,336340028,0
45,722,5118554,0
46,722,79816284,0
47,722,255564559,0
48,722,132085786,0
49,722,267798555,0
50,722,336340028,1
51,721,157263442,0
52,718,10487916,0
53,718,812486,0
54,718,336340028,0
55,718,67724503,0
56,718,71260433,0
57,718,14412303,0
58,718,10487916,1
59,718,812486,1
60,718,336340028,1
61,717,5118554,0
62,717,862735,0
63,717,336340028,0
64,717,336340028,1
65,715,5118554,0
66,715,389043201,0
67,715,336340028,0
68,715,214184223,0
69,715,8899150,0
70,715,175805859,0
71,715,267167330,0
72,715,336340028,1
73,715,-73784103,1
74,715,267167330,1
75,714,336340028,0
76,714,72312000,0
77,714,32351527,0
78,714,862735,0
79,714,9541166,0
80,714,336340028,1
81,713,154670117,0
82,713,284875222,0
83,713,233104941,0
84,713,336340028,0
85,713,972727,0
86,713,234478649,0
87,713,359568551,0
88,713,176425559,0
89,713,157263442,0
90,713,14504670,0
91,713,9541166,0
92,713,10891152,0
93,713,165288702,0
94,713,79968868,0
95,713,63763845,0
96,713,54133391,0
97,713,228445707,0
98,713,140133667,0
99,713,6380171,0
100,713,19912482,0
101,713,336340028,1
102,713,972727,1
103,713,359568551,1
104,713,-97002047,1
105,712,297543880,0
106,712,32253717,0
107,712,3943765,0
108,712,241744144,0
109,711,862735,0
110,711,157263442,0
111,711,-131523077,1
112,710,336340028,0
113,710,297543880,0
114,710,29629803,0
115,710,20834526,0
116,710,102919764,0
117,710,9375137,0
118,710,67319813,0
119,710,274154435,0
120,710,245178846,0
121,710,12967547,0
122,710,336340028,1
123,710,245178846,1
124,709,110553785,0
125,709,5118554,0
126,709,166963441,0
127,709,336340028,0
128,709,218026537,0
129,709,337207169,0
130,709,67319813,0
131,709,306106939,0
132,709,862735,0
133,709,269126,0
134,709,316205343,0
135,709,49571701,0
136,709,336340028,1
137,709,218026537,1
138,708,357509394,0
139,708,212336100,0
140,708,157263442,0
141,708,300275690,0
142,708,136763136,0
143,708,214184223,0
144,708,96800823,0
145,708,228445707,0
146,708,71155266,0
147,708,-129253469,1
148,705,972727,0
149,704,308455462,0
150,704,972727,0
151,704,96625536,0
152,704,292344715,0
153,704,324588209,0
154,704,8899150,0
155,704,51554600,0
156,704,353557154,0
157,704,134081274,0
158,704,49571701,0
159,704,163823973,0
160,704,972727,1
161,704,292344715,1
162,704,353557154,1
163,702,36415,0
164,702,50066721,0
165,702,324588209,0
166,702,186542362,0
167,702,71260433,0
168,702,160928947,0
169,702,214184223,0
170,702,5165729,0
171,696,4607547,0
172,696,96625536,0
173,696,49571701,0
174,696,269126,0
175,695,336340028,0
176,695,157263442,0
177,695,336340028,1
178,695,-58327155,1
179,693,336340028,0
180,693,190622659,0
181,693,5895622,0
182,693,40872320,0
183,693,4222104,0
184,693,248305187,0
185,693,336340028,1
186,692,52343894,0
187,692,336340028,0
188,692,27763641,0
189,692,223580983,0
190,692,105115716,0
191,692,137242742,0
192,692,71260433,0
193,692,30242881,0
194,692,58600867,0
195,692,102919764,0
196,692,241744144,0
197,692,336340028,1
198,692,105115716,1
199,692,102919764,1
200,691,291465470,0
201,691,284875222,0
202,691,50536401,0
203,691,214184223,0
204,691,166776884,0
205,691,284875222,1
206,691,-96954264,1
207,689,336340028,0
208,689,306106939,0
209,689,336340028,1
210,689,306106939,1
211,687,336340028,0
212,687,71260433,0
213,687,19424033,0
214,683,28682177,0
215,678,12568354,0
216,678,58600867,0
217,678,336340028,0
218,678,268887643,0
219,678,96800823,0
220,678,71260433,0
221,678,323090279,0
222,678,19763674,0
223,678,126000325,0
224,678,336340028,1
225,677,13157722,0
226,677,336340028,0
227,677,13157722,1
228,677,336340028,1
229,676,180624020,0
230,676,336340028,0
231,676,223155494,0
232,675,180624020,0
233,675,336340028,0
234,675,972727,0
235,671,336340028,0
236,671,56504431,0
237,671,101655059,0
238,671,89254850,0
239,671,71260433,0
240,671,298091249,0
241,671,14674568,0
242,671,49099717,0
243,671,336340028,1
244,671,298091249,1
245,667,51990135,0
246,667,180624020,0
247,667,194240373,0
248,667,299442242,0
249,667,325570642,0
250,667,51990135,1
251,666,179440939,0
252,666,14368726,0
253,666,158833967,0
254,666,276809763,0
255,666,338784940,0
256,666,162800290,0
257,666,2841337,0
258,666,11752247,0
259,666,36532868,0
260,666,73751729,0
261,666,79816284,0
262,666,375376551,0
263,666,158833967,1
264,666,11752247,1
265,666,73751729,1
266,665,972727,0
267,665,13157722,0
268,665,50140586,0
269,665,194240373,0
270,665,319663151,0
271,665,10851168,0
272,665,144565643,0
273,665,12568354,0
274,665,158833967,0
275,665,109344473,0
276,665,93654693,0
277,665,284875222,0
278,665,862735,0
279,665,79968868,0
280,665,19170446,0
281,665,269126,0
282,665,758217,0
283,665,2285329,0
284,665,2397171,0
285,665,2404567,0
286,665,2593624,0
287,665,2605395,0
288,665,5499842,0
289,665,6817777,0
290,665,7223444,0
291,665,9386674,0
292,665,12632417,0
293,665,14504670,0
294,665,18156889,0
295,665,19424033,0
296,665,26822203,0
297,665,28550486,0
298,665,29629803,0
299,665,38380009,0
300,665,59493617,0
301,665,76906538,0
302,665,85803096,0
303,665,223155494,0
304,665,224825090,0
305,665,228445707,0
306,665,256116500,0
307,665,291088749,0
308,665,305547648,0
309,665,353557154,0
310,665,-74501758,1
311,665,13157722,1
312,665,194240373,1
313,665,158833967,1
314,665,284875222,1
315,665,-60384355,1
316,665,-132594224,1
317,665,2404567,1
318,665,2593624,1
319,665,6817777,1
320,665,7223444,1
321,665,12632417,1
322,665,19424033,1
323,665,224825090,1
324,665,291088749,1
325,665,305547648,1
326,665,353557154,1
327,664,180624020,0
328,664,86021309,0
329,664,158833967,0
330,664,304252,0
331,664,873519,0
332,664,6717230,0
333,664,16143514,0
334,664,65638353,0
335,664,71155266,0
336,664,84882273,0
337,664,105097098,0
338,664,147751818,0
339,664,158833967,1
340,664,6717230,1
341,662,275410390,0
342,662,72080598,0
343,662,79968868,0
344,662,972727,0
345,662,3557931,0
346,662,5741265,0
347,662,18156889,0
348,662,56332014,0
349,662,136763136,0
350,662,150980330,0
351,662,159343463,0
352,662,225210485,0
353,662,291088749,0
354,662,336340028,0
355,662,-87554793,1
356,662,972727,1
357,662,136763136,1
358,662,150980330,1
359,662,225210485,1
360,662,291088749,1
361,662,336340028,1
362,661,44553256,0
363,661,71268004,0
364,661,150424964,0
365,661,184089715,0
366,661,208846462,0
367,661,233666259,0
368,661,336340028,0
369,661,233666259,1
370,661,336340028,1
371,660,114653417,0
372,660,300291689,0
373,660,23719952,0
374,660,79968868,0
375,660,571574,0
376,660,2397171,0
377,660,4371414,0
378,660,8614157,0
379,660,8972599,0
380,660,9484128,0
381,660,19424033,0
382,660,22452646,0
383,660,26822203,0
384,660,31230721,0
385,660,32351527,0
386,660,44874382,0
387,660,67282357,0
388,660,71260433,0
389,660,142202297,0
390,660,172355003,0
391,660,186531716,0
392,660,223212735,0
393,660,269785265,0
394,660,310096900,0
395,660,346762445,0
396,660,349431254,0
397,660,-128319460,1
398,660,114653417,1
399,660,-117926057,1
400,660,-104767392,1
401,660,-16414425,1
402,660,8614157,1
403,660,31230721,1
404,660,44874382,1
405,660,349431254,1
406,659,3928556,0
407,659,274154435,0
408,659,315534293,0
409,659,93750060,0
410,659,3943765,0
411,659,5895622,0
412,659,8661377,0
413,659,67244778,0
414,659,67319813,0
415,659,71260433,0
416,659,156269436,0
417,659,157147770,0
418,659,222742309,0
419,659,273787225,0
420,659,3928556,1
421,659,93750060,1
422,658,356728933,0
423,658,284875222,0
424,658,28786479,0
425,658,50536401,0
426,658,71268004,0
427,658,85520530,0
428,658,163823973,0
429,658,250832219,0
430,658,320844485,0
431,658,50536401,1
432,657,144565643,0
433,657,5895622,0
434,657,67319813,0
435,657,71268004,0
436,657,267798555,0
437,657,336340028,0
438,657,336896837,0
439,657,336340028,1
440,650,5118554,0
441,650,35414264,0
442,650,73350909,0
443,650,136509550,0
444,650,172235276,0
445,650,265698104,0
446,649,144726559,0
447,649,304252,0
448,649,2455061,0
449,649,5118554,0
450,649,6515497,0
451,649,26822203,0
452,649,70661694,0
453,649,116210383,0
454,649,132172797,0
455,649,134334008,0
456,649,136509550,0
457,649,147288457,0
458,649,152687539,0
459,649,157147770,0
460,649,159555253,0
461,649,172355003,0
462,649,144726559,1
463,647,372121432,0
464,647,51990135,0
465,647,136327874,0
466,647,3700827,0
467,647,5895622,0
468,647,6680521,0
469,647,9684823,0
470,647,10943288,0
471,647,14871038,0
472,647,29458552,0
473,647,32685434,0
474,647,65402175,0
475,647,79749692,0
476,647,79816284,0
477,647,94477939,0
478,647,131701994,0
479,647,150317948,0
480,647,152687539,0
481,647,174880567,0
482,647,178596629,0
483,647,185287710,0
484,647,187080968,0
485,647,198089019,0
486,647,256337124,0
487,647,261498438,0
488,647,306759341,0
489,647,321426163,0
490,647,336340028,0
491,647,383810281,0
492,647,395410576,0
493,647,51990135,1
494,647,6680521,1
495,647,94477939,1
496,647,131701994,1
497,647,152687539,1
498,647,336340028,1
499,646,336340028,0
500,646,336340028,1
501,642,355467212,0
502,642,2038329,0
503,642,2370696,0
504,642,5895622,0
505,642,9386674,0
506,642,18115362,0
507,642,22007272,0
508,642,22716215,0
509,642,96773236,0
510,642,129034556,0
511,642,136509550,0
512,642,152687539,0
513,642,154543481,0
514,642,157263442,0
515,642,163823973,0
516,642,172355003,0
517,642,173810599,0
518,642,189740725,0
519,642,228445707,0
520,642,250832219,0
521,642,256116500,0
522,642,288991160,0
523,642,353204164,0
524,642,354340865,0
525,642,373498429,0
526,642,-122305179,1
527,642,-96954264,1
528,642,18115362,1
529,642,22007272,1
530,642,154543481,1
531,642,189740725,1
532,642,353204164,1
533,641,162455559,0
534,641,10581338,0
535,641,56226147,0
536,641,59493617,0
537,641,136509550,0
538,641,152687539,0
539,641,163823973,0
540,641,173810599,0
541,641,281645006,0
542,641,336340028,0
543,637,886808,0
544,637,2950281,0
545,637,3700827,0
546,637,9107547,0
547,637,9375137,0
548,637,15157495,0
549,637,17942144,0
550,637,31375613,0
551,637,58373349,0
552,637,102214678,0
553,637,174880567,0
554,637,205895935,0
555,637,241756714,0
556,637,358316418,0
557,637,3700827,1
558,637,9107547,1
559,637,58373349,1
560,637,358316418,1
561,635,2038329,0
562,635,2397171,0
563,635,3700827,0
564,635,3873728,0
565,635,32253717,0
566,635,34263523,0
567,635,96800823,0
568,635,136509550,0
569,635,166458315,0
570,635,187175336,0
571,635,222956197,0
572,635,323561881,0
573,635,336340028,0
574,635,361499701,0
575,635,-112838295,1
576,635,-97529713,1
577,635,3873728,1
578,635,361499701,1
579,634,972727,0
580,634,180624020,0
581,634,5895622,0
582,634,9386674,0
583,634,22750430,0
584,634,49689575,0
585,634,85520530,0
586,634,90033491,0
587,634,96800823,0
588,634,153825973,0
589,634,163823973,0
590,634,175805859,0
591,634,189740725,0
592,634,281625766,0
593,634,316205343,0
594,634,330504196,0
595,634,153825973,1
596,634,163823973,1
597,631,14004241,0
598,631,334879050,0
599,631,23719952,0
600,631,361451765,0
601,631,93750060,0
602,631,2605395,0
603,631,5118554,0
604,631,18156889,0
605,631,28682177,0
606,631,71260433,0
607,631,96800823,0
608,631,129858127,0
609,631,136509550,0
610,631,141589270,0
611,631,163823973,0
612,631,302174057,0
613,631,304118669,0
614,631,323090279,0
615,631,93750060,1
616,631,-108419251,1
617,631,-96954264,1
618,631,141589270,1
619,628,5895622,0
620,628,67319813,0
621,628,85520530,0
622,628,88408050,0
623,628,379323784,0
624,628,5895622,1
625,626,9386674,0
626,626,19424033,0
627,626,28786479,0
628,626,40129315,0
629,626,146065486,0
630,626,147288457,0
631,626,151743211,0
632,626,174880567,0
633,626,216063474,0
634,626,151743211,1
635,612,70661694,0
636,612,136509550,0
637,612,146298736,0
638,612,307118029,0
639,601,3320358,0
640,601,12967547,0
641,601,18156889,0
642,601,32745123,0
643,601,71260433,0
644,601,136509550,0
645,601,195281206,0
646,601,225679405,0
647,601,265559649,0
648,601,307118029,0
649,601,332652032,0
650,598,5895622,0
651,598,22245756,0
652,598,50006280,0
653,598,69718713,0
654,598,90033491,0
655,598,136509550,0
656,598,137340045,0
657,598,147751818,0
658,598,149407896,0
659,598,169356546,0
660,598,227210943,0
661,598,265559649,0
662,598,299744864,0
663,598,301780902,0
664,598,307118029,0
665,598,378031164,0
666,587,648320,0
667,587,2991274,0
668,587,5722518,0
669,587,5895622,0
670,587,11752247,0
671,587,11763423,0
672,587,19733536,0
673,587,28331766,0
674,587,29050891,0
675,587,34648215,0
676,587,34745877,0
677,587,43615354,0
678,587,53186618,0
679,587,83561715,0
680,587,92106182,0
681,587,93130396,0
682,587,168286878,0
683,587,186331474,0
684,587,194938381,0
685,587,200524229,0
686,587,206727843,0
687,587,216082432,0
688,587,247155278,0
689,587,252308073,0
690,587,265559649,0
691,587,301457941,0
692,587,307118029,0
693,587,316088621,0
694,587,11752247,1
695,587,19733536,1
696,587,29050891,1
697,587,200524229,1
698,585,136509550,0
699,585,138607109,0
700,584,5028732,0
701,584,22581450,0
702,584,34263523,0
703,584,88580758,0
704,584,136509550,0
705,584,200524229,0
706,584,224783389,0
707,584,301780902,0
708,584,316088621,0
709,584,-99738132,1
710,584,200524229,1
711,583,397469818,0
712,583,371916609,0
713,583,376690889,0
714,583,339679920,0
715,583,1714037,0
716,583,3320358,0
717,583,4797094,0
718,583,5473862,0
719,583,8239648,0
720,583,12770814,0
721,583,45465836,0
722,583,46785501,0
723,583,71155266,0
724,583,88580758,0
725,583,90033491,0
726,583,99916791,0
727,583,116059110,0
728,583,136509550,0
729,583,155609638,0
730,583,157147770,0
731,583,246318353,0
732,583,258174619,0
733,583,261256073,0
734,583,297695600,0
735,583,299744864,0
736,583,307118029,0
737,583,308895810,0
738,583,311716998,0
739,583,316088621,0
740,583,332237160,0
741,583,378031164,0
742,583,339679920,1
743,583,-105244123,1
744,583,-58877003,1
745,583,12770814,1
746,583,246318353,1
747,583,307118029,1
748,583,332237160,1
749,582,2883258,0
750,582,5643740,0
751,582,5895622,0
752,582,20403794,0
753,582,24257325,0
754,582,28176578,0
755,582,32351527,0
756,582,51144650,0
757,582,71752586,0
758,582,85520530,0
759,582,90033491,0
760,582,140730269,0
761,582,144592172,0
762,582,153895100,0
763,582,178109928,0
764,582,183147745,0
765,582,186045379,0
766,582,214184223,0
767,582,214575528,0
768,582,250136121,0
769,582,275939951,0
770,582,307118029,0
771,582,316088621,0
772,582,330553537,0
773,582,341661880,0
774,582,-77696493,1
775,582,-49798450,1
776,582,144592172,1
777,582,183147745,1
778,582,214575528,1
779,579,22581450,0
780,579,71752586,0
781,579,99916791,0
782,579,214575528,0
783,579,214575528,1
784,578,9386674,0
785,578,301780902,0
786,575,366892995,0
787,575,14004241,0
788,575,397469818,0
789,575,371916609,0
790,575,376690889,0
791,575,99979729,0
792,575,277415630,0
793,575,297695600,0
794,575,299744864,0
795,575,307118029,0
796,575,341450626,0
797,575,378031164,0
798,575,-105244123,1
799,575,-96954264,1
800,575,307118029,1
801,574,5502675,0
802,574,311411383,0
803,574,341520482,0
804,571,5895622,0
805,571,9386674,0
806,571,177134872,0
807,570,648320,0
808,570,2127993,0
809,570,2227752,0
810,570,13695801,0
811,570,17942144,0
812,570,21351301,0
813,570,29664879,0
814,570,47022702,0
815,570,51554600,0
816,570,71227733,0
817,570,93845149,0
818,570,127768370,0
819,570,151743211,0
820,570,161225810,0
821,570,171589660,0
822,570,174880567,0
823,570,179745159,0
824,570,206727843,0
825,570,385017383,0
826,570,13695801,1
827,570,17942144,1
828,570,29664879,1
829,570,151743211,1
830,570,161225810,1
831,570,171589660,1
832,568,5643740,0
833,568,9386674,0
834,568,22159722,0
835,568,22581450,0
836,568,52196242,0
837,568,71260433,0
838,568,78195326,0
839,568,227115391,0
840,568,308895810,0
841,568,-126591131,1
842,566,3320358,0
843,566,5895622,0
844,565,17942144,0
845,565,32351527,0
846,565,63396466,0
847,565,137715059,0
848,565,227115391,0
849,565,294697584,0
850,565,307118029,0
851,565,338260232,0
852,563,58623207,0
853,563,61628330,0
854,563,71260433,0
855,563,71752586,0
856,563,307118029,0
857,563,-77696493,1
858,562,17117107,0
859,562,67319813,0
860,562,93845149,0
861,562,104477255,0
862,562,308895810,0
863,562,17117107,1
864,559,397469818,0
865,559,371916609,0
866,559,376690889,0
867,559,2038329,0
868,559,3036220,0
869,559,3895739,0
870,559,4866286,0
871,559,5895622,0
872,559,7079101,0
873,559,7476523,0
874,559,8636865,0
875,559,9107281,0
876,559,9242669,0
877,559,10278163,0
878,559,10334626,0
879,559,10726777,0
880,559,10851168,0
881,559,12414619,0
882,559,12770814,0
883,559,19946613,0
884,559,20284637,0
885,559,20876370,0
886,559,22060950,0
887,559,22147429,0
888,559,24257325,0
889,559,25570062,0
890,559,25687955,0
891,559,30470646,0
892,559,30588750,0
893,559,32474326,0
894,559,32961427,0
895,559,38463078,0
896,559,39030727,0
897,559,39731742,0
898,559,40129315,0
899,559,43454447,0
900,559,47022702,0
901,559,52196242,0
902,559,52532403,0
903,559,54133391,0
904,559,59753601,0
905,559,61386191,0
906,559,64134048,0
907,559,65669491,0
908,559,69592660,0
909,559,71155266,0
910,559,71268004,0
911,559,77621666,0
912,559,83223523,0
913,559,88580758,0
914,559,90033491,0
915,559,96800823,0
916,559,97267185,0
917,559,100093656,0
918,559,105664301,0
919,559,106659388,0
920,559,111128199,0
921,559,113523346,0
922,559,121221699,0
923,559,126485963,0
924,559,132188596,0
925,559,133059342,0
926,559,134335894,0
927,559,136748951,0
928,559,139394102,0
929,559,142047937,0
930,559,150317948,0
931,559,153664102,0
932,559,154544227,0
933,559,157970054,0
934,559,166131776,0
935,559,169356546,0
936,559,170868428,0
937,559,176348494,0
938,559,180131913,0
939,559,183147745,0
940,559,187175336,0
941,559,187683254,0
942,559,192871279,0
943,559,195662849,0
944,559,195914988,0
945,559,196822433,0
946,559,200524229,0
947,559,204371659,0
948,559,209207852,0
949,559,216063474,0
950,559,218614496,0
951,559,219659579,0
952,559,220169192,0
953,559,222478525,0
954,559,233146791,0
955,559,238702268,0
956,559,242169184,0
957,559,246318353,0
958,559,255808629,0
959,559,267798555,0
960,559,283349654,0
961,559,292184858,0
962,559,299744864,0
963,559,302466280,0
964,559,303891055,0
965,559,304946958,0
966,559,312444250,0
967,559,313442031,0
968,559,315892840,0
969,559,316088621,0
970,559,332652032,0
971,559,359524775,0
972,559,-126603102,1
973,559,-123820418,1
974,559,-115253036,1
975,559,-105244123,1
976,559,-99672193,1
977,559,-98498974,1
978,559,-96517813,1
979,559,-82775108,1
980,559,-72769794,1
981,559,-50741406,1
982,559,-49798450,1
983,559,3036220,1
984,559,9107281,1
985,559,12770814,1
986,559,20284637,1
987,559,25949176,1
988,559,30588750,1
989,559,39731742,1
990,559,59753601,1
991,559,61386191,1
992,559,69592660,1
993,559,100093656,1
994,559,106659388,1
995,559,134335894,1
996,559,176348494,1
997,559,183147745,1
998,559,192871279,1
999,559,195662849,1
1000,559,195914988,1
1001,559,200524229,1
1002,559,218614496,1
1003,559,220169192,1
1004,559,242169184,1
1005,559,246318353,1
1006,559,255808629,1
1007,559,302466280,1
1008,557,144385092,0
1009,557,250136121,0
1010,557,307118029,0
1011,556,36415,0
1012,556,37259,0
1013,556,11496046,0
1014,556,14028057,0
1015,556,17942144,0
1016,556,21721862,0
1017,556,27545562,0
1018,556,29629803,0
1019,556,30771771,0
1020,556,83561715,0
1021,556,206727843,0
1022,556,307118029,0
1023,554,174880567,0
1024,554,301780902,0
1025,554,-125192569,1
1026,553,37259,0
1027,553,304252,0
1028,553,6817777,0
1029,553,7485952,0
1030,553,23859365,0
1031,553,26589352,0
1032,553,29629803,0
1033,553,93845149,0
1034,553,144340515,0
1035,553,174880567,0
1036,553,196263616,0
1037,553,265559649,0
1038,553,317380502,0
1039,553,144340515,1
1040,552,9386674,0
1041,552,222478525,0
1042,549,210177846,0
1043,549,-115515466,1
1044,549,-103899384,1
1045,549,-96954264,1
1046,548,28503244,0
1047,548,198730509,0
1048,548,28503244,1
1049,547,9906728,0
1050,547,24257325,0
1051,547,216082432,0
1052,546,11763423,0
1053,546,24257325,0
1054,546,26589352,0
1055,546,186242420,0
1056,546,203192912,0
1057,546,296345809,0
1058,546,347740650,0
1059,546,296345809,1
1060,541,2513328,0
1061,541,6817777,0
1062,541,10947181,0
1063,541,17942144,0
1064,541,18041987,0
1065,541,26589352,0
1066,541,27959591,0
1067,541,29664879,0
1068,541,72443757,0
1069,541,216082432,0
1070,541,255596784,0
1071,541,18041987,1
1072,541,29664879,1
1073,538,9386674,0
1074,536,3320358,0
1075,536,294697584,0
1076,536,-117926057,1
1077,535,104469606,0
1078,535,120977805,0
1079,535,307118029,0
1080,534,3320358,0
1081,534,17942144,0
1082,534,21721862,0
1083,534,67319813,0
1084,534,261576267,0
1085,534,307118029,0
1086,531,2227752,0
1087,531,5028732,0
1088,529,46169723,0
1089,529,307118029,0
1090,528,10891152,0
1091,528,19912482,0
1092,528,51946482,0
1093,528,65701176,0
1094,528,299627451,0
1095,528,-110369043,1
1096,528,-50741406,1
1097,527,36236422,0
1098,527,248305187,0
1099,527,294697584,0
1100,527,380059324,0
1101,525,51990135,0
1102,525,3320358,0
1103,525,19103835,0
1104,525,21924831,0
1105,525,22452646,0
1106,525,380059324,0
1107,525,51990135,1
1108,525,21924831,1
1109,524,3320358,0
1110,524,6905151,0
1111,524,59753601,0
1112,524,105407276,0
1113,524,137922684,0
1114,524,174880567,0
1115,524,217180213,0
1116,524,247461127,0
1117,523,2227752,0
1118,523,202608221,0
1119,522,14311445,0
1120,522,238202839,0
1121,522,380059324,0
1122,522,238202839,1
1123,520,216082432,0
1124,519,3320358,0
1125,519,9386674,0
1126,519,123075356,0
1127,518,6522200,0
1128,518,7279195,0
1129,518,7898004,0
1130,518,8167442,0
1131,518,11911604,0
1132,518,219922611,0
1133,518,301584893,0
1134,518,307118029,0
1135,518,318028164,0
1136,518,7898004,1
1137,517,22452646,0
1138,517,235303003,0
1139,517,336700662,0
1140,516,202608221,0
1141,512,140858635,0
1142,512,78320957,0
1143,512,202608221,0
1144,512,299627451,0
1145,511,42912015,0
1146,511,97681130,0
1147,511,202608221,0
1148,509,179211961,0
1149,509,294697584,0
1150,509,-120757815,1
1151,507,4595897,0
1152,507,25716289,0
1153,507,27545562,0
1154,507,202608221,0
1155,507,250293398,0
1156,506,202608221,0
1157,504,38088668,0
1158,504,147195527,0
1159,504,322677728,0
1160,502,19424033,0
1161,502,62855666,0
1162,502,139175443,0
1163,502,-66713362,1
1164,501,6817777,0
1165,501,41714691,0
1166,501,65701176,0
1167,501,96773236,0
1168,501,105097098,0
1169,501,202608221,0
1170,501,-45536169,1
1171,498,467709,0
1172,498,891065,0
1173,498,5028732,0
1174,498,22064989,0
1175,498,26668845,0
1176,498,39030727,0
1177,498,59753601,0
1178,498,96773236,0
1179,498,139175443,0
1180,498,144370718,0
1181,498,144385092,0
1182,498,154358138,0
1183,498,176425559,0
1184,498,186242420,0
1185,498,198688643,0
1186,498,202608221,0
1187,498,231411384,0
1188,498,244969031,0
1189,498,359258099,0
1190,498,-121815610,1
1191,498,-66713362,1
1192,498,59753601,1
1193,498,144370718,1
1194,498,154358138,1
1195,498,186242420,1
1196,495,202608221,0
1197,494,648320,0
1198,494,1519741,0
1199,494,2841337,0
1200,494,29629803,0
1201,494,45739523,0
1202,494,48474909,0
1203,494,81648839,0
1204,494,219922611,0
1205,494,268860378,0
1206,494,338260232,0
1207,494,-41303428,1
1208,494,1519741,1
1209,494,81648839,1
1210,492,357097933,0
1211,492,-115648772,1
1212,492,357097933,1
1213,491,38296951,0
1214,491,50066721,0
1215,491,211894401,0
1216,491,50066721,1
1217,487,1519741,0
1218,487,22452646,0
1219,487,22894840,0
1220,487,37218672,0
1221,487,55343025,0
1222,487,305746852,0
1223,487,22894840,1
1224,486,2397171,0
1225,486,261576267,0
1226,486,300275690,0
1227,486,261576267,1
1228,485,2397171,0
1229,485,20258743,0
1230,485,22452646,0
1231,485,41629130,0
1232,485,76506049,0
1233,485,96773236,0
1234,485,97681130,0
1235,485,135108069,0
1236,485,144563296,0
1237,485,148394307,0
1238,485,154358138,0
1239,485,174880567,0
1240,485,176425559,0
1241,485,222573563,0
1242,485,231384050,0
1243,485,259268376,0
1244,485,299627451,0
1245,485,300275690,0
1246,485,310560740,0
1247,485,322677728,0
1248,485,336700662,0
1249,485,352450048,0
1250,485,380059324,0
1251,485,-128037017,1
1252,485,-104767392,1
1253,485,-90737104,1
1254,485,-50741406,1
1255,485,41629130,1
1256,485,144563296,1
1257,485,148394307,1
1258,485,310560740,1
1259,482,1539154,0
1260,482,8031531,0
1261,482,20258743,0
1262,482,174880567,0
1263,482,202608221,0
1264,479,202608221,0
1265,478,1519741,0
1266,478,3320358,0
1267,478,42924767,0
1268,478,55343025,0
1269,478,138162637,0
1270,478,142260350,0
1271,478,308585437,0
1272,478,354267724,0
1273,478,142260350,1
1274,476,68504874,0
1275,476,87051755,0
1276,476,150565214,0
1277,476,227134534,0
1278,476,296044406,0
1279,476,330983079,0
1280,476,340040407,0
1281,476,349158164,0
1282,476,227134534,1
1283,473,3320358,0
1284,473,300275690,0
1285,472,20638803,0
1286,472,300275690,0
1287,472,354267724,0
1288,471,3320358,0
1289,471,50579275,0
1290,471,87218705,0
1291,471,348207110,0
1292,471,354267724,0
1293,470,3320358,0
1294,470,220358162,0
1295,470,245477070,0
1296,470,245477070,1
1297,469,3320358,0
1298,469,202608221,0
1299,468,167371,0
1300,468,1971642,0
1301,468,2182366,0
1302,468,2679216,0
1303,468,2699754,0
1304,468,3242237,0
1305,468,3286501,0
1306,468,3943765,0
1307,468,3950133,0
1308,468,3952279,0
1309,468,5381592,0
1310,468,5530307,0
1311,468,7230490,0
1312,468,9073899,0
1313,468,9684131,0
1314,468,9867540,0
1315,468,12431724,0
1316,468,12615396,0
1317,468,13199964,0
1318,468,13842832,0
1319,468,13954373,0
1320,468,15902090,0
1321,468,16193003,0
1322,468,16918647,0
1323,468,17936117,0
1324,468,18361306,0
1325,468,18633834,0
1326,468,18822704,0
1327,468,19456090,0
1328,468,20559654,0
1329,468,20643549,0
1330,468,20744964,0
1331,468,21360856,0
1332,468,22060950,0
1333,468,22441690,0
1334,468,23187298,0
1335,468,25690878,0
1336,468,27939424,0
1337,468,28407179,0
1338,468,29308631,0
1339,468,32252595,0
1340,468,32611928,0
1341,468,35391858,0
1342,468,37124354,0
1343,468,38088668,0
1344,468,39957130,0
1345,468,40101550,0
1346,468,40328748,0
1347,468,43523100,0
1348,468,45083947,0
1349,468,46342331,0
1350,468,47404008,0
1351,468,47789970,0
1352,468,47959683,0
1353,468,50579275,0
1354,468,52443020,0
1355,468,52757071,0
1356,468,55858814,0
1357,468,59291343,0
1358,468,61796587,0
1359,468,66562711,0
1360,468,67735082,0
1361,468,69558898,0
1362,468,73668099,0
1363,468,74583945,0
1364,468,75094854,0
1365,468,76488263,0
1366,468,81436937,0
1367,468,82490967,0
1368,468,83507179,0
1369,468,84476969,0
1370,468,84616156,0
1371,468,84882273,0
1372,468,86550456,0
1373,468,87193665,0
1374,468,88965251,0
1375,468,89839896,0
1376,468,90012439,0
1377,468,90125040,0
1378,468,91604799,0
1379,468,93179171,0
1380,468,94599325,0
1381,468,96742569,0
1382,468,99708696,0
1383,468,101930881,0
1384,468,102034192,0
1385,468,102718720,0
1386,468,105429384,0
1387,468,106749705,0
1388,468,110292103,0
1389,468,110549598,0
1390,468,110616968,0
1391,468,112744023,0
1392,468,113994978,0
1393,468,123107702,0
1394,468,124568485,0
1395,468,125284931,0
1396,468,128560843,0
1397,468,133030542,0
1398,468,133443915,0
1399,468,134775911,0
1400,468,135494279,0
1401,468,135832140,0
1402,468,135988897,0
1403,468,136228792,0
1404,468,138975129,0
1405,468,139507051,0
1406,468,140688158,0
1407,468,144116444,0
1408,468,144961995,0
1409,468,145719170,0
1410,468,150710470,0
1411,468,153521934,0
1412,468,170782883,0
1413,468,171657765,0
1414,468,173093390,0
1415,468,173810599,0
1416,468,177215616,0
1417,468,178167532,0
1418,468,179476318,0
1419,468,187563518,0
1420,468,188502628,0
1421,468,189892128,0
1422,468,191839380,0
1423,468,192623345,0
1424,468,202608221,0
1425,468,206043624,0
1426,468,206395867,0
1427,468,210942132,0
1428,468,213006803,0
1429,468,213526730,0
1430,468,214226590,0
1431,468,214921428,0
1432,468,218284041,0
1433,468,218848256,0
1434,468,230828597,0
1435,468,232255464,0
1436,468,235303003,0
1437,468,237248143,0
1438,468,243796338,0
1439,468,246529447,0
1440,468,251841894,0
1441,468,255222268,0
1442,468,257758007,0
1443,468,263128760,0
1444,468,264152999,0
1445,468,265559649,0
1446,468,266484538,0
1447,468,266546966,0
1448,468,273920122,0
1449,468,281131961,0
1450,468,283809524,0
1451,468,283869292,0
1452,468,286687614,0
1453,468,288316937,0
1454,468,289160987,0
1455,468,299119858,0
1456,468,300275690,0
1457,468,307948032,0
1458,468,317180370,0
1459,468,325201549,0
1460,468,327281932,0
1461,468,328308786,0
1462,468,340195354,0
1463,468,340501975,0
1464,468,342308477,0
1465,468,343543846,0
1466,468,344278639,0
1467,468,349108997,0
1468,468,355965924,0
1469,468,-127397249,1
1470,468,-105169682,1
1471,468,-86012742,1
1472,468,-85160883,1
1473,468,-50628522,1
1474,468,3286501,1
1475,468,15902090,1
1476,468,18822704,1
1477,468,47404008,1
1478,468,87193665,1
1479,468,110549598,1
1480,468,112744023,1
1481,468,124568485,1
1482,468,135494279,1
1483,468,178167532,1
1484,468,214226590,1
1485,468,255222268,1
1486,468,283809524,1
1487,468,327281932,1
1488,468,340195354,1
1489,468,340501975,1
1490,468,343543846,1
1491,466,5242563,0
1492,466,38088668,0
1493,466,300275690,0
1494,466,380671029,0
1495,466,5242563,1
1496,465,3320358,0
1497,465,38088668,0
1498,465,140688158,0
1499,465,202608221,0
1500,465,300275690,0
1501,465,354267724,0
1502,463,18640539,0
1503,463,202608221,0
1504,463,218255393,0
1505,463,227922970,0
1506,463,236247331,0
1507,463,300275690,0
1508,463,-83690770,1
1509,463,227922970,1
1510,462,3320358,0
1511,462,14674568,0
1512,462,80859117,0
1513,462,308585437,0
1514,462,354267724,0
1515,459,730935,0
1516,459,3320358,0
1517,459,29629803,0
1518,459,67319813,0
1519,459,96625536,0
1520,458,3320358,0
1521,458,308585437,0
1522,456,2883258,0
1523,456,5423307,0
1524,456,10583697,0
1525,456,22729809,0
1526,456,50579275,0
1527,456,52801625,0
1528,456,63763845,0
1529,456,67095013,0
1530,456,85520530,0
1531,456,86525493,0
1532,456,95341507,0
1533,456,97737735,0
1534,456,140688158,0
1535,456,175181974,0
1536,456,202608221,0
1537,456,220358162,0
1538,456,293169708,0
1539,456,313312632,0
1540,456,349158164,0
1541,456,356692123,0
1542,456,-134413242,1
1543,456,-94375372,1
1544,456,-84600153,1
1545,456,22729809,1
1546,456,52801625,1
1547,456,175181974,1
1548,456,313312632,1
1549,455,1539154,0
1550,455,3320358,0
1551,455,6817777,0
1552,455,70912631,0
1553,455,149241696,0
1554,455,170477513,0
1555,455,354267724,0
1556,455,170477513,1
1557,452,51144650,0
1558,452,202608221,0
1559,451,5028732,0
1560,451,51967599,0
1561,451,53761252,0
1562,451,67319813,0
1563,451,156269436,0
1564,451,202608221,0
1565,451,51967599,1
1566,449,51967599,0
1567,449,354267724,0
1568,449,51967599,1
1569,448,1188100,0
1570,448,8031531,0
1571,448,30473698,0
1572,448,51967599,0
1573,448,62855666,0
1574,448,140688158,0
1575,448,202608221,0
1576,448,280693697,0
1577,448,300275690,0
1578,448,365823765,0
1579,448,51967599,1
1580,448,62855666,1
1581,444,21462149,0
1582,444,40733755,0
1583,444,51967599,0
1584,444,59897254,0
1585,444,136107432,0
1586,444,270520312,0
1587,444,300275690,0
1588,444,304936084,0
1589,444,307118029,0
1590,444,329539119,0
1591,444,331028801,0
1592,444,-110418085,1
1593,444,21462149,1
1594,444,40733755,1
1595,444,51967599,1
1596,444,136107432,1
1597,444,304936084,1
1598,444,307118029,1
1599,443,6879135,0
1600,443,29629803,0
1601,443,40733755,0
1602,443,143612184,0
1603,443,195604657,0
1604,443,364266156,0
1605,442,648320,0
1606,442,29629803,0
1607,442,30757148,0
1608,442,46806932,0
1609,442,-110418085,1
1610,440,10583697,0
1611,440,144340515,0
1612,440,202608221,0
1613,440,-110418085,1
1614,440,144340515,1
1615,439,24738967,0
1616,439,202608221,0
1617,439,24738967,1
1618,438,2397171,0
1619,438,3080420,0
1620,438,9887328,0
1621,438,22509605,0
1622,438,59897254,0
1623,438,85520530,0
1624,438,96773236,0
1625,438,202608221,0
1626,438,-84081409,1
1627,438,3080420,1
1628,436,300275690,0
1629,435,269126,0
1630,435,38296951,0
1631,435,40042785,0
1632,435,144370718,0
1633,434,269126,0
1634,434,6465390,0
1635,434,9386674,0
1636,434,36483763,0
1637,434,43005287,0
1638,434,97684724,0
1639,434,326074692,0
1640,433,2554940,0
1641,433,8455236,0
1642,433,9335812,0
1643,433,12426247,0
1644,433,29629803,0
1645,433,67319813,0
1646,433,95830433,0
1647,433,195604657,0
1648,433,198500864,0
1649,433,254032411,0
1650,433,258677352,0
1651,433,308585437,0
1652,433,-41582603,1
1653,433,2554940,1
1654,433,95830433,1
1655,430,182166885,0
1656,430,250136121,0
1657,430,342715262,0
1658,430,354267724,0
1659,430,182166885,1
1660,429,906429,0
1661,429,922125,0
1662,429,8384480,0
1663,429,29629803,0
1664,429,43005287,0
1665,429,168600327,0
1666,429,182166885,0
1667,429,300275690,0
1668,429,308585437,0
1669,429,354267724,0
1670,429,-41617040,1
1671,429,906429,1
1672,427,269126,0
1673,427,25687955,0
1674,427,67319813,0
1675,427,-124320109,1
1676,426,6465390,0
1677,426,30473698,0
1678,426,46183657,0
1679,425,261576267,0
1680,425,300275690,0
1681,425,354267724,0
1682,424,269126,0
1683,424,96773236,0
1684,423,269126,0
1685,423,32318810,0
1686,423,96773236,0
1687,420,269126,0
1688,420,19657250,0
1689,420,25716289,0
1690,420,29629803,0
1691,420,354267724,0
1692,419,269126,0
1693,419,26799932,0
1694,419,39007366,0
1695,419,134942095,0
1696,419,327357317,0
1697,419,354267724,0
1698,419,-124320109,1
1699,419,-78447357,1
1700,419,269126,1
1701,418,6465390,0
1702,416,3873728,0
1703,416,9335812,0
1704,416,56848068,0
1705,416,67319813,0
1706,416,236154231,0
1707,416,247155278,0
1708,416,56848068,1
1709,416,247155278,1
1710,415,269126,0
1711,415,6465390,0
1712,415,6817777,0
1713,415,14311445,0
1714,415,22060950,0
1715,415,-124320109,1
1716,414,6465390,0
1717,414,96773236,0
1718,414,-120508398,1
1719,412,269126,0
1720,412,6465390,0
1721,412,6684223,0
1722,412,9356842,0
1723,412,29629803,0
1724,412,36914145,0
1725,412,38778600,0
1726,412,43485520,0
1727,412,46183657,0
1728,412,46898635,0
1729,412,54654713,0
1730,412,67724503,0
1731,412,82945667,0
1732,412,96773236,0
1733,412,136107432,0
1734,412,143561029,0
1735,412,300275690,0
1736,412,310282965,0
1737,412,335561325,0
1738,412,349646072,0
1739,412,384748960,0
1740,412,-120508398,1
1741,412,-110418085,1
1742,412,9356842,1
1743,412,36914145,1
1744,412,38778600,1
1745,412,46898635,1
1746,412,67724503,1
1747,412,82945667,1
1748,412,136107432,1
1749,412,143561029,1
1750,412,310282965,1
1751,412,384748960,1
1752,411,96773236,0
1753,411,-120508398,1
1754,408,28503244,0
1755,408,47380732,0
1756,408,96773236,0
1757,408,198730509,0
1758,408,349158164,0
1759,408,28503244,1
1760,407,44172938,0
1761,407,85520530,0
1762,407,250136121,0
1763,407,44172938,1
1764,405,2454330,0
1765,405,2883258,0
1766,405,3183758,0
1767,405,11966068,0
1768,405,22759524,0
1769,405,39007366,0
1770,405,41871722,0
1771,405,54794009,0
1772,405,57152384,0
1773,405,182166885,0
1774,405,207657126,0
1775,405,247155278,0
1776,405,271797453,0
1777,405,281848648,0
1778,405,355420982,0
1779,405,-120508398,1
1780,405,3183758,1
1781,405,182166885,1
1782,405,355420982,1
1783,404,-120508398,1
1784,401,6817777,0
1785,401,21739272,0
1786,401,144370718,0
1787,401,248305187,0
1788,401,248587470,0
1789,401,290595739,0
1790,401,21739272,1
1791,401,248587470,1
1792,401,290595739,1
1793,400,37259,0
1794,399,1188100,0
1795,399,4897833,0
1796,399,17927312,0
1797,399,22759524,0
1798,399,29629803,0
1799,399,33517144,0
1800,399,83561715,0
1801,399,105990954,0
1802,399,106864853,0
1803,399,160738276,0
1804,399,184069731,0
1805,399,213065305,0
1806,399,33517144,1
1807,399,213065305,1
1808,398,9335812,0
1809,398,122119182,0
1810,398,248305187,0
1811,397,3218555,0
1812,397,22064989,0
1813,397,44172938,0
1814,397,154358138,0
1815,397,164010157,0
1816,397,182166885,0
1817,397,248305187,0
1818,397,249151419,0
1819,397,258677352,0
1820,397,289074709,0
1821,397,304321491,0
1822,397,369306281,0
1823,397,44172938,1
1824,397,154358138,1
1825,397,182166885,1
1826,397,258677352,1
1827,397,289074709,1
1828,397,304321491,1
1829,391,67319813,0
1830,385,22759524,0
1831,385,67319813,0
1832,382,3500947,0
1833,382,60090550,0
1834,382,115831212,0
1835,382,-120508398,1
1836,382,60090550,1
1837,382,115831212,1
1838,380,730935,0
1839,380,50084758,0
1840,380,56848068,0
1841,380,60090550,0
1842,380,136417797,0
1843,380,207391017,0
1844,380,56848068,1
1845,380,60090550,1
1846,379,39007366,0
1847,379,40171279,0
1848,379,61264789,0
1849,378,14674568,0
1850,378,18024291,0
1851,378,34854155,0
1852,378,50084758,0
1853,378,56386226,0
1854,378,106253110,0
1855,378,211955410,0
1856,378,247155278,0
1857,377,3320358,0
1858,375,67319813,0
1859,375,158130421,0
1860,375,164229514,0
1861,375,249151419,0
1862,375,354194503,0
1863,375,158130421,1
1864,374,6817777,0
1865,374,67319813,0
1866,374,86594382,0
1867,373,3320358,0
1868,373,8583819,0
1869,373,19912482,0
1870,371,19912482,0
1871,371,20614487,0
1872,371,34637785,0
1873,371,41493690,0
1874,371,67319813,0
1875,371,93850017,0
1876,371,133175022,0
1877,371,164229514,0
1878,371,195604657,0
1879,371,212739528,0
1880,371,247155278,0
1881,371,298091249,0
1882,371,20614487,1
1883,371,212739528,1
1884,371,298091249,1
1885,370,6817777,0
1886,370,21739272,0
1887,370,40171279,0
1888,370,86594382,0
1889,370,-120508398,1
1890,370,-2701924,1
1891,370,21739272,1
1892,369,21739272,0
1893,369,40171279,0
1894,369,155657539,0
1895,369,164229514,0
1896,369,247155278,0
1897,369,298091249,0
1898,369,21739272,1
1899,369,155657539,1
1900,369,247155278,1
1901,367,304252,0
1902,367,1706364,0
1903,367,5376353,0
1904,367,7812093,0
1905,367,21739272,0
1906,367,28610611,0
1907,367,39836662,0
1908,367,46898635,0
1909,367,62342373,0
1910,367,72763223,0
1911,367,80894616,0
1912,367,88924100,0
1913,367,97712190,0
1914,367,138218601,0
1915,367,139062395,0
1916,367,145061484,0
1917,367,161227600,0
1918,367,207953072,0
1919,367,211955410,0
1920,367,236874517,0
1921,367,271797453,0
1922,367,294328038,0
1923,367,323561881,0
1924,367,356234563,0
1925,367,391885848,0
1926,367,-123799245,1
1927,367,-110369043,1
1928,367,-81141888,1
1929,367,5376353,1
1930,367,21739272,1
1931,367,46898635,1
1932,367,294328038,1
1933,364,3320358,0
1934,364,62882141,0
1935,364,67319813,0
1936,364,67423383,0
1937,364,212739528,0
1938,361,67319813,0
1939,361,85520530,0
1940,360,37678877,0
1941,360,212739528,0
1942,360,247155278,0
1943,360,298091249,0
1944,358,67319813,0
1945,358,86594382,0
1946,358,151550526,0
1947,358,167963770,0
1948,357,21739272,0
1949,357,40171279,0
1950,357,74792994,0
1951,357,263334254,0
1952,357,298091249,0
1953,357,21739272,1
1954,357,263334254,1
1955,357,298091249,1
1956,356,21739272,0
1957,356,86594382,0
1958,356,21739272,1
1959,354,40171279,0
1960,354,60498675,0
1961,354,148526623,0
1962,354,158130421,0
1963,354,158130421,1
1964,352,8260849,0
1965,352,60498675,0
1966,351,2311890,0
1967,351,86594382,0
1968,350,570683,0
1969,350,3873728,0
1970,350,6817777,0
1971,350,9272243,0
1972,350,22193684,0
1973,350,106253110,0
1974,350,119831481,0
1975,350,158130421,0
1976,350,264462930,0
1977,350,3873728,1
1978,350,9272243,1
1979,350,158130421,1
1980,349,16036169,0
1981,349,20638803,0
1982,349,67319813,0
1983,349,119831481,0
1984,348,6817777,0
1985,348,119831481,0
1986,348,212739528,0
1987,347,119831481,0
1988,346,7476448,0
1989,346,8859154,0
1990,346,87031172,0
1991,346,99346418,0
1992,346,116160853,0
1993,346,226411807,0
1994,346,116160853,1
1995,345,67319813,0
1996,345,98241209,0
1997,344,18272376,0
1998,344,21739272,0
1999,344,30173500,0
2000,344,55320504,0
2001,344,79347296,0
2002,344,147195527,0
2003,344,176680269,0
2004,344,252361245,0
2005,344,-118358166,1
2006,344,-74191299,1
2007,344,21739272,1
2008,344,30173500,1
2009,343,6385274,0
2010,343,12650293,0
2011,343,14674568,0
2012,343,38656820,0
2013,343,39935185,0
2014,343,178717822,0
2015,343,182150707,0
2016,343,208152950,0
2017,343,12650293,1
2018,343,182150707,1
2019,343,208152950,1
2020,340,20554826,0
2021,338,21739272,0
2022,338,21739272,1
2023,337,1706364,0
2024,337,2311890,0
2025,337,26031386,0
2026,337,212739528,0
2027,337,2311890,1
2028,336,19912482,0
2029,336,152959019,0
2030,335,50066721,0
2031,335,125654209,0
2032,335,206812368,0
2033,335,50066721,1
2034,334,9074316,0
2035,334,33378710,0
2036,334,74792994,0
2037,334,157208041,0
2038,334,263334254,0
2039,334,334425665,0
2040,334,263334254,1
2041,334,334425665,1
2042,332,22193684,0
2043,332,98241209,0
2044,330,16557486,0
2045,330,21739272,0
2046,330,98241209,0
2047,330,166294116,0
2048,330,21739272,1
2049,328,4149406,0
2050,328,10164311,0
2051,328,13736446,0
2052,328,15450082,0
2053,328,21739272,0
2054,328,54654713,0
2055,328,59149264,0
2056,328,61690131,0
2057,328,98241209,0
2058,328,119831481,0
2059,328,151872472,0
2060,328,154749505,0
2061,328,166294116,0
2062,328,198312891,0
2063,328,218893867,0
2064,328,252361245,0
2065,328,263339403,0
2066,328,-90198010,1
2067,328,-74191299,1
2068,328,-69795093,1
2069,328,21739272,1
2070,327,252361245,0
2071,325,1706364,0
2072,325,10105082,0
2073,325,67319813,0
2074,325,98241209,0
2075,325,10105082,1
2076,324,1706364,0
2077,324,3873728,0
2078,324,6805145,0
2079,324,67319813,0
2080,324,297688023,0
2081,324,363445059,0
2082,324,3873728,1
2083,323,4390963,0
2084,323,67304905,0
2085,323,90296262,0
2086,322,8043165,0
2087,322,12987756,0
2088,322,18419969,0
2089,322,20638803,0
2090,322,33733021,0
2091,322,35067867,0
2092,322,67304905,0
2093,322,144340515,0
2094,322,147195527,0
2095,322,289074709,0
2096,322,144340515,1
2097,320,6494401,0
2098,318,28671928,0
2099,318,39943699,0
2100,318,83132614,0
2101,318,90296262,0
2102,318,28671928,1
2103,318,83132614,1
2104,317,66144325,0
2105,317,98241209,0
2106,314,5376353,0
2107,314,6494401,0
2108,314,26350384,0
2109,314,78775802,0
2110,314,151666257,0
2111,314,151872472,0
2112,314,166091995,0
2113,314,-16352179,1
2114,314,-13490680,1
2115,314,6494401,1
2116,314,26350384,1
2117,313,11073085,0
2118,313,16036169,0
2119,313,28671928,0
2120,313,39943699,0
2121,313,67319813,0
2122,313,93709523,0
2123,313,95842897,0
2124,313,138431496,0
2125,313,151666257,0
2126,313,152959019,0
2127,313,11073085,1
2128,313,28671928,1
2129,312,36845420,0
2130,312,126300681,0
2131,311,28146436,0
2132,311,28671928,0
2133,311,83132614,0
2134,311,90296262,0
2135,311,93709523,0
2136,311,138431496,0
2137,311,28671928,1
2138,311,83132614,1
2139,308,110922393,0
2140,308,253638727,0
2141,306,1585352,0
2142,306,8382147,0
2143,306,14504670,0
2144,306,14971438,0
2145,306,15819789,0
2146,306,16557486,0
2147,306,51260317,0
2148,306,65121259,0
2149,306,66144325,0
2150,306,77783034,0
2151,306,86923710,0
2152,306,90296262,0
2153,306,94808981,0
2154,306,140875359,0
2155,306,154314618,0
2156,306,220715870,0
2157,306,253638727,0
2158,306,278796692,0
2159,306,-117720571,1
2160,306,-89381460,1
2161,306,-87016363,1
2162,306,-69795093,1
2163,306,15819789,1
2164,306,51260317,1
2165,306,77783034,1
2166,306,94808981,1
2167,306,253638727,1
2168,306,278796692,1
2169,303,22060950,0
2170,303,46169723,0
2171,303,63260596,0
2172,303,159892393,0
2173,298,39943699,0
2174,298,51260317,0
2175,298,78882453,0
2176,298,94442719,0
2177,298,318161435,0
2178,298,94442719,1
2179,298,318161435,1
2180,296,24552995,0
2181,296,36404209,0
2182,296,39943699,0
2183,296,51260317,0
2184,296,198312891,0
2185,296,-69795093,1
2186,296,36404209,1
2187,296,51260317,1
2188,295,21739272,0
2189,295,36845420,0
2190,295,116160853,0
2191,295,21739272,1
2192,295,116160853,1
2193,294,6936915,0
2194,294,9906728,0
2195,294,14353761,0
2196,294,14517988,0
2197,294,26082340,0
2198,294,36404209,0
2199,294,67319813,0
2200,294,119831481,0
2201,294,137988374,0
2202,294,161825355,0
2203,294,187755411,0
2204,294,14353761,1
2205,292,4765038,0
2206,292,13628411,0
2207,292,62855666,0
2208,292,119831481,0
2209,292,161825355,0
2210,292,-109166801,1
2211,291,2354751,0
2212,291,22060950,0
2213,291,119831481,0
2214,291,293148846,0
2215,291,-87016363,1
2216,291,22060950,1
2217,289,9074316,0
2218,289,9678441,0
2219,288,16557486,0
2220,288,51260317,0
2221,288,67319813,0
2222,288,190128536,0
2223,288,293148846,0
2224,288,-74191299,1
2225,287,7448529,0
2226,284,9906728,0
2227,284,28671928,0
2228,284,87283996,0
2229,284,182150707,0
2230,284,232124519,0
2231,284,293148846,0
2232,284,-119178047,1
2233,284,28671928,1
2234,284,182150707,1
2235,281,5242563,0
2236,281,51260317,0
2237,281,103052399,0
2238,281,155630744,0
2239,281,187755411,0
2240,281,155630744,1
2241,273,37259,0
2242,273,4149406,0
2243,269,37259,0
2244,269,10164311,0
2245,269,11444276,0
2246,269,21739272,0
2247,269,22193684,0
2248,269,33576138,0
2249,269,48667380,0
2250,269,59307892,0
2251,269,136438159,0
2252,269,140858635,0
2253,269,179300525,0
2254,269,182122069,0
2255,269,190128536,0
2256,269,279618946,0
2257,269,336836072,0
2258,269,-99459182,1
2259,269,-74191299,1
2260,269,-73803984,1
2261,269,-69795093,1
2262,269,21739272,1
2263,269,59307892,1
2264,269,179300525,1
2265,269,182122069,1
2266,269,279618946,1
2267,266,37259,0
2268,266,22137578,0
2269,266,22193684,0
2270,266,26082340,0
2271,266,27959591,0
2272,266,36404209,0
2273,266,67319813,0
2274,266,144340515,0
2275,266,152910018,0
2276,266,268595109,0
2277,266,305756774,0
2278,266,312194781,0
2279,266,27959591,1
2280,266,36404209,1
2281,266,152910018,1
2282,265,37259,0
2283,265,7383082,0
2284,262,22193684,0
2285,262,27959591,0
2286,262,187755411,0
2287,262,214000944,0
2288,262,304433118,0
2289,262,214000944,1
2290,260,37259,0
2291,260,24552995,0
2292,260,48667380,0
2293,260,-42751880,1
2294,258,13628411,0
2295,258,119831481,0
2296,258,255222268,0
2297,258,334888452,0
2298,258,255222268,1
2299,257,37259,0
2300,257,6367261,0
2301,257,10317176,0
2302,257,20627981,0
2303,257,22193684,0
2304,257,24676315,0
2305,257,36404209,0
2306,257,62855666,0
2307,257,67319813,0
2308,257,152910018,0
2309,257,184260751,0
2310,257,235250980,0
2311,257,6367261,1
2312,257,152910018,1
2313,253,37259,0
2314,253,27959591,0
2315,252,7646114,0
2316,252,29647159,0
2317,252,51260317,0
2318,252,67319813,0
2319,252,187755411,0
2320,252,-120502092,1
2321,251,6817777,0
2322,251,9392792,0
2323,251,167805130,0
2324,251,175694022,0
2325,250,8136869,0
2326,250,16557486,0
2327,250,151260457,0
2328,250,263339403,0
2329,249,135813807,0
2330,246,10164311,0
2331,246,10852590,0
2332,246,16143514,0
2333,246,37251694,0
2334,246,48667380,0
2335,246,65718002,0
2336,246,151117944,0
2337,246,160645730,0
2338,246,176941366,0
2339,246,294351525,0
2340,246,303564285,0
2341,246,318930427,0
2342,246,176941366,1
2343,244,102830897,0
2344,243,265616789,0
2345,232,2462558,0
2346,232,23960922,0
2347,232,-66790326,1
2348,232,23960922,1
2349,230,97681130,0
2350,230,133725070,0
2351,230,182150707,0
2352,230,-84097832,1
2353,230,182150707,1
2354,229,7325221,0
2355,229,48667380,0
2356,229,67319813,0
2357,229,102830897,0
2358,229,7325221,1
2359,228,10164311,0
2360,227,37534325,0
2361,227,102830897,0
2362,227,152910018,0
2363,227,220886502,0
2364,227,152910018,1
2365,227,220886502,1
2366,224,6213069,0
2367,224,26883963,0
2368,224,133725070,0
2369,224,140858635,0
2370,224,166665855,0
2371,224,190444968,0
2372,224,263339403,0
2373,224,6213069,1
2374,224,190444968,1
2375,223,50253650,0
2376,223,51260317,0
2377,223,117510453,0
2378,223,121695342,0
2379,223,153268627,0
2380,223,213435134,0
2381,223,265658519,0
2382,223,50253650,1
2383,221,15607890,0
2384,221,85792943,0
2385,218,37259,0
2386,217,678151,0
2387,217,2462558,0
2388,217,3702106,0
2389,217,16853897,0
2390,217,23960922,0
2391,217,325570642,0
2392,217,23960922,1
2393,216,5242563,0
2394,216,19238548,0
2395,216,106476974,0
2396,216,5242563,1
2397,215,36532868,0
2398,215,67319813,0
2399,215,121695342,0
2400,215,231597251,0
2401,215,325570642,0
2402,215,231597251,1
2403,213,325570642,0
2404,205,7362164,0
2405,205,231597251,0
2406,205,270482854,0
2407,205,7362164,1
2408,203,13231584,0
2409,203,92903242,0
2410,203,-94912346,1
2411,201,7325221,0
2412,200,-119054006,1
2413,196,293148846,0
2414,195,30173500,0
2415,195,293148846,0
2416,195,30173500,1
2417,193,64235619,0
2418,193,121695342,0
2419,193,293148846,0
2420,192,101065206,0
2421,192,223212550,0
2422,192,293148846,0
2423,192,355574249,0
2424,192,357984705,0
2425,192,367817727,0
2426,192,357984705,1
2427,191,37259,0
2428,189,77255449,0
2429,189,293148846,0
2430,187,67911350,0
2431,186,67911350,0
2432,185,382491,0
2433,185,36532868,0
2434,185,67911350,0
2435,183,67911350,0
2436,183,293148846,0
2437,182,748432,0
2438,182,67911350,0
2439,182,190981846,0
2440,181,83347007,0
2441,181,247710779,0
2442,181,293148846,0
2443,181,357984705,0
2444,181,-107399137,1
2445,181,-25925,1
2446,181,-9256,1
2447,181,293148846,1
2448,180,37259,0
2449,180,36532868,0
2450,180,227441443,0
2451,180,293148846,0
2452,180,227441443,1
2453,179,37259,0
2454,179,67911350,0
2455,179,293148846,0
2456,178,67911350,0
2457,178,140858635,0
2458,178,293148846,0
2459,175,8209386,0
2460,175,16445040,0
2461,175,17652189,0
2462,175,18797692,0
2463,175,19912482,0
2464,175,24518889,0
2465,175,35067867,0
2466,175,67911350,0
2467,175,184465045,0
2468,175,263120219,0
2469,175,293148846,0
2470,175,294697584,0
2471,175,336340028,0
2472,175,366404760,0
2473,175,372044719,0
2474,175,-109453672,1
2475,175,-44606029,1
2476,175,16445040,1
2477,175,336340028,1
2478,173,3036220,0
2479,173,17652189,0
2480,173,35067867,0
2481,173,41309967,0
2482,173,336340028,0
2483,173,3036220,1
2484,173,336340028,1
2485,169,294918896,0
2486,169,336340028,0
2487,169,336340028,1
2488,167,17652189,0
2489,167,142307565,0
2490,167,165931876,0
2491,167,225839781,0
2492,167,232645914,0
2493,167,294697584,0
2494,167,308972047,0
2495,167,310989709,0
2496,167,336340028,0
2497,167,-108460024,1
2498,167,-107407766,1
2499,167,-82549494,1
2500,167,165931876,1
2501,167,336340028,1
2502,163,338260232,0
2503,162,178109928,0
2504,160,16143514,0
2505,160,336340028,0
2506,160,-94912346,1
2507,160,16143514,1
2508,160,336340028,1
2509,156,336340028,0
2510,156,338420683,0
2511,156,336340028,1
2512,155,17652189,0
2513,152,336340028,0
2514,152,336340028,1
2515,150,321401981,0
2516,150,336340028,0
2517,150,358254837,0
2518,150,336340028,1
2519,148,336340028,0
2520,148,336340028,1
2521,140,7259712,0
2522,140,17652189,0
2523,140,77255449,0
2524,140,17652189,1
2525,135,140858635,0
2526,133,140858635,0
2527,122,77255449,0
2528,120,77255449,0
2529,119,77255449,0
2530,119,236712464,0
2531,119,344495641,0
2532,118,3504103,0
2533,118,17652189,0
2534,118,77255449,0
2535,118,17652189,1
2536,115,77255449,0
2537,109,22767,0
2538,109,300724,0
2539,109,648164,0
2540,109,678151,0
2541,109,706294,0
2542,109,1294451,0
2543,109,2039152,0
2544,109,2533223,0
2545,109,3702106,0
2546,109,4174437,0
2547,109,4617823,0
2548,109,5155469,0
2549,109,8681996,0
2550,109,14068721,0
2551,109,21008820,0
2552,109,23960922,0
2553,109,38556084,0
2554,109,39125130,0
2555,109,136937052,0
2556,109,343636494,0
2557,109,23960922,1
2558,109,38556084,1
2559,108,77255449,0
2560,107,77255449,0
2561,107,300618827,0
2562,106,77255449,0
2563,102,59753601,0
2564,102,119831481,0
2565,102,303942636,0
2566,101,119831481,0
2567,101,338260232,0
2568,100,119831481,0
2569,99,119831481,0
2570,97,14292810,0
2571,97,17652189,0
2572,97,119831481,0
2573,97,237680241,0
2574,97,14292810,1
2575,97,17652189,1
2576,96,119831481,0
2577,96,206382266,0
2578,95,119831481,0
2579,94,119831481,0
2580,94,220169192,0
2581,94,220169192,1
2582,93,119831481,0
2583,92,119831481,0
2584,92,237680241,0
2585,91,119831481,0
2586,91,220169192,0
2587,91,220169192,1
2588,90,119831481,0
2589,90,336340028,0
2590,90,336340028,1
2591,89,119831481,0
2592,89,237680241,0
2593,89,333509946,0
2594,89,336340028,0
2595,89,237680241,1
2596,89,333509946,1
2597,89,336340028,1
2598,88,119831481,0
2599,88,336340028,0
2600,88,336340028,1
2601,87,119831481,0
2602,87,333509946,0
2603,87,336340028,0
2604,87,344290069,0
2605,87,333509946,1
2606,87,336340028,1
2607,87,344290069,1
2608,86,35067867,0
2609,86,119831481,0
2610,84,119831481,0
2611,84,336340028,0
2612,83,119831481,0
2613,83,336340028,0
2614,83,336340028,1
2615,82,8052180,0
2616,82,17652189,0
2617,82,77255449,0
2618,82,119831481,0
2619,82,336340028,0
2620,82,346209300,0
2621,82,17652189,1
2622,82,336340028,1
2623,81,77255449,0
2624,81,237680241,0
2625,81,336340028,0
2626,81,336340028,1
2627,80,77255449,0
2628,80,119831481,0
2629,80,237680241,0
2630,79,77255449,0
2631,79,119831481,0
2632,78,77255449,0
2633,78,119831481,0
2634,77,77255449,0
2635,77,119831481,0
2636,76,77255449,0
2637,76,119831481,0
2638,75,77255449,0
2639,75,119831481,0
2640,73,77255449,0
2641,73,119831481,0
2642,71,17652189,0
2643,71,77255449,0
2644,71,202250209,0
2645,70,77255449,0
2646,70,119831481,0
2647,70,343908494,0
2648,69,77255449,0
2649,69,119831481,0
2650,68,77255449,0
2651,68,119831481,0
2652,67,17652189,0
2653,67,77255449,0
2654,67,119831481,0
2655,65,77255449,0
2656,65,119831481,0
2657,65,336340028,0
2658,65,336340028,1
2659,64,77255449,0
2660,64,119831481,0
2661,64,336340028,0
2662,64,336340028,1
2663,63,77255449,0
2664,63,119831481,0
2665,63,336340028,0
2666,63,336340028,1
2667,62,35067867,0
2668,62,119831481,0
2669,59,12250933,0
2670,59,17652189,0
2671,59,35067867,0
2672,59,77255449,0
2673,59,119831481,0
2674,59,177766625,0
2675,59,336340028,0
2676,59,17652189,1
2677,59,336340028,1
2678,57,35067867,0
2679,57,77255449,0
2680,57,119831481,0
2681,57,177766625,0
2682,57,220169192,0
2683,57,322911853,0
2684,57,336340028,0
2685,57,220169192,1
2686,57,336340028,1
2687,56,35067867,0
2688,56,77255449,0
2689,56,119831481,0
2690,55,119831481,0
2691,53,77255449,0
2692,53,119831481,0
2693,52,119831481,0
2694,52,177766625,0
2695,52,336340028,0
2696,52,336340028,1
2697,51,119831481,0
2698,50,77255449,0
2699,50,119831481,0
2700,50,220169192,0
2701,50,336340028,0
2702,50,220169192,1
2703,50,336340028,1
2704,49,119831481,0
2705,49,336340028,0
2706,49,336340028,1
2707,44,77255449,0
2708,44,119831481,0
2709,44,322911853,0
2710,44,336340028,0
2711,44,336340028,1
2712,43,5555907,0
2713,43,119831481,0
2714,43,209980407,0
2715,43,220169192,0
2716,43,336340028,0
2717,43,220169192,1
2718,43,336340028,1
2719,41,119831481,0
2720,41,334490943,0
2721,40,119831481,0
2722,40,336340028,0
2723,40,336340028,1
2724,38,119831481,0
2725,38,336340028,0
2726,38,336340028,1
2727,37,119831481,0
2728,37,336340028,0
2729,37,336340028,1
2730,36,119831481,0
2731,36,336340028,0
2732,36,336340028,1
2733,35,119831481,0
2734,35,202250209,0
2735,35,336340028,0
2736,35,336340028,1
2737,33,119831481,0
2738,33,202250209,0
2739,33,336340028,0
2740,33,336340028,1
2741,31,17652189,0
2742,31,119831481,0
2743,31,153758184,0
2744,31,202250209,0
2745,31,332395307,0
2746,31,336340028,0
2747,31,336340028,1
2748,30,77255449,0
2749,30,119831481,0
2750,30,202250209,0
2751,30,336340028,0
2752,30,336340028,1
2753,29,119831481,0
2754,29,202250209,0
2755,29,336340028,0
2756,29,336340028,1
2757,28,3690163,0
2758,28,119831481,0
2759,28,202250209,0
2760,28,214434302,0
2761,28,220169192,0
2762,28,336340028,0
2763,28,220169192,1
2764,28,336340028,1
2765,27,119831481,0
2766,27,202250209,0
2767,27,220169192,0
2768,27,247130350,0
2769,27,336340028,0
2770,27,220169192,1
2771,27,247130350,1
2772,27,336340028,1
2773,24,119831481,0
2774,24,202250209,0
2775,24,336340028,0
2776,24,336340028,1
2777,23,105494520,0
2778,23,119831481,0
2779,23,202250209,0
2780,23,336340028,0
2781,23,336340028,1
2782,21,119831481,0
2783,21,134675583,0
2784,21,202250209,0
2785,21,220028121,0
2786,21,220169192,0
2787,21,321225937,0
2788,21,336340028,0
2789,21,220169192,1
2790,21,336340028,1
2791,20,119831481,0
2792,20,202250209,0
2793,19,119831481,0
2794,19,202250209,0
2795,19,336340028,0
2796,19,336340028,1
2797,17,119831481,0
2798,17,202250209,0
2799,17,336340028,0
2800,17,336340028,1
2801,16,202250209,0
2802,16,336340028,0
2803,16,339715102,0
2804,16,336340028,1
2805,16,339715102,1
2806,15,119831481,0
2807,15,202250209,0
2808,15,237680241,0
2809,15,336340028,0
2810,15,336340028,1
2811,12,119831481,0
2812,12,336340028,0
2813,12,336340028,1
2814,10,119831481,0
2815,10,202250209,0
2816,10,220169192,0
2817,10,336340028,0
2818,10,220169192,1
2819,10,336340028,1
2820,9,119831481,0
2821,9,202250209,0
2822,9,336340028,0
2823,9,336340028,1
2824,8,119831481,0
2825,8,202250209,0
2826,8,220169192,0
2827,8,336340028,0
2828,8,220169192,1
2829,8,336340028,1
2830,7,119831481,0
2831,7,202250209,0
2832,7,336340028,0
2833,7,336340028,1
2834,4,119831481,0
2835,4,202250209,0
2836,4,336340028,0
2837,4,336340028,1
2838,3,202250209,0
2839,3,220169192,0
2840,3,336340028,0
2841,3,220169192,1
2842,3,336340028,1
2843,1,202250209,0
2844,1,336340028,0
2845,1,336401426,0
2846,1,-113661796,1
2847,1,336340028,1
